Data Source,World Development Indicators,,,,,,,,,,,,,,,,,,,,,,,,,,,,,,,,,,,,,,,,,,,,,,,,,,,,,,,,,,,,,,,,
Last Updated Date,4/27/2022,,,,,,,,,,,,,,,,,,,,,,,,,,,,,,,,,,,,,,,,,,,,,,,,,,,,,,,,,,,,,,,,
,,,,,,,,,,,,,,,,,,,,,,,,,,,,,,,,,,,,,,,,,,,,,,,,,,,,,,,,,,,,,,,,,
Country Name,Country Code,Indicator Name,Indicator Code,1960,1961,1962,1963,1964,1965,1966,1967,1968,1969,1970,1971,1972,1973,1974,1975,1976,1977,1978,1979,1980,1981,1982,1983,1984,1985,1986,1987,1988,1989,1990,1991,1992,1993,1994,1995,1996,1997,1998,1999,2000,2001,2002,2003,2004,2005,2006,2007,2008,2009,2010,2011,2012,2013,2014,2015,2016,2017,2018,2019,2020,2021
Aruba,ABW,"Suicide mortality rate (per 100,000 population)",SH.STA.SUIC.P5,,,,,,,,,,,,,,,,,,,,,,,,,,,,,,,,,,,,,,,,,,,,,,,,,,,,,,,,,,,,,,
Africa Eastern and Southern,AFE,"Suicide mortality rate (per 100,000 population)",SH.STA.SUIC.P5,,,,,,,,,,,,,,,,,,,,,,,,,,,,,,,,,,,,,,,,,10.88172203,10.512551,10.37343399,10.2298788,10.00820163,9.864339203,9.702909128,9.664930518,9.893849043,9.852882893,9.467780221,9.063697548,8.859790305,8.749413803,8.565869403,8.479565194,8.324659338,8.244061696,8.128884315,8.036293388,,
Afghanistan,AFG,"Suicide mortality rate (per 100,000 population)",SH.STA.SUIC.P5,,,,,,,,,,,,,,,,,,,,,,,,,,,,,,,,,,,,,,,,,4.9,5,5,5,5,5,4.9,4.8,4.6,4.4,4.3,4.1,4,4,3.9,4,4,4.1,4.1,4.1,,
Africa Western and Central,AFW,"Suicide mortality rate (per 100,000 population)",SH.STA.SUIC.P5,,,,,,,,,,,,,,,,,,,,,,,,,,,,,,,,,,,,,,,,,6.803571208,6.71954487,6.611608922,6.599238374,6.562576426,6.568313553,6.573376934,6.561711427,6.443446985,6.443925988,6.418581398,6.391095628,6.301175546,6.20068643,5.998003147,5.768565977,5.672700957,5.55814454,5.429821054,5.409498902,,
Angola,AGO,"Suicide mortality rate (per 100,000 population)",SH.STA.SUIC.P5,,,,,,,,,,,,,,,,,,,,,,,,,,,,,,,,,,,,,,,,,8.7,8.6,8.6,8.8,8.6,8.1,8.6,7.4,7.5,6.7,7,6.6,6.9,6.9,6.4,6.5,6.2,6,6,6.1,,
Albania,ALB,"Suicide mortality rate (per 100,000 population)",SH.STA.SUIC.P5,,,,,,,,,,,,,,,,,,,,,,,,,,,,,,,,,,,,,,,,,4.9,4.5,4.6,4.8,4.8,7.5,7.8,8.1,8.2,8.1,7.8,7.9,5.2,5.3,5,4.8,4.7,4.7,4.5,4.3,,
Andorra,AND,"Suicide mortality rate (per 100,000 population)",SH.STA.SUIC.P5,,,,,,,,,,,,,,,,,,,,,,,,,,,,,,,,,,,,,,,,,,,,,,,,,,,,,,,,,,,,,,
Arab World,ARB,"Suicide mortality rate (per 100,000 population)",SH.STA.SUIC.P5,,,,,,,,,,,,,,,,,,,,,,,,,,,,,,,,,,,,,,,,,4.588254627,4.598488597,4.546874514,4.496885528,4.447685993,4.44466148,4.415444846,4.427816547,4.465849352,4.474988357,4.507057552,4.573289652,4.584722858,4.502490725,4.44116571,4.333516477,4.25802951,4.179461852,4.212683748,4.180325301,,
United Arab Emirates,ARE,"Suicide mortality rate (per 100,000 population)",SH.STA.SUIC.P5,,,,,,,,,,,,,,,,,,,,,,,,,,,,,,,,,,,,,,,,,8.6,8.6,8,7.5,7.7,7.9,8.3,8.3,8.5,8.5,8.4,8.2,7.9,7.5,7,6.5,6,5.6,6,6.4,,
Argentina,ARG,"Suicide mortality rate (per 100,000 population)",SH.STA.SUIC.P5,,,,,,,,,,,,,,,,,,,,,,,,,,,,,,,,,,,,,,,,,9.1,10.3,10.2,9.7,8.7,8.6,8.6,8.3,8.7,8.4,8.6,8.5,9.1,8.6,9.3,8.3,8.3,8.9,9.2,8.4,,
Armenia,ARM,"Suicide mortality rate (per 100,000 population)",SH.STA.SUIC.P5,,,,,,,,,,,,,,,,,,,,,,,,,,,,,,,,,,,,,,,,,3.4,3.1,3.5,2.6,4,4.2,5.9,5.8,4.8,4.8,6.8,6.8,7.4,6.4,6.3,6.2,5.7,3,2.1,3.3,,
American Samoa,ASM,"Suicide mortality rate (per 100,000 population)",SH.STA.SUIC.P5,,,,,,,,,,,,,,,,,,,,,,,,,,,,,,,,,,,,,,,,,,,,,,,,,,,,,,,,,,,,,,
Antigua and Barbuda,ATG,"Suicide mortality rate (per 100,000 population)",SH.STA.SUIC.P5,,,,,,,,,,,,,,,,,,,,,,,,,,,,,,,,,,,,,,,,,1.9,1.9,1.3,1.3,1.7,1.3,0.5,0.4,0.3,0,0.2,0.2,0,0,0.4,0.4,0.5,0,0.4,0.4,,
Australia,AUS,"Suicide mortality rate (per 100,000 population)",SH.STA.SUIC.P5,,,,,,,,,,,,,,,,,,,,,,,,,,,,,,,,,,,,,,,,,12.7,12.2,11.3,10.5,10.3,11.2,10.6,10.9,11.6,11.2,11.7,11.2,11.7,11.5,12.7,13.2,12.2,13.1,12.4,12.5,,
Austria,AUT,"Suicide mortality rate (per 100,000 population)",SH.STA.SUIC.P5,,,,,,,,,,,,,,,,,,,,,,,,,,,,,,,,,,,,,,,,,19.9,18.6,19.3,18.2,17.5,17.2,16.4,16,15.8,16,16.1,16.5,16.3,16.2,16.5,16,15.5,15.4,15.7,14.6,,
Azerbaijan,AZE,"Suicide mortality rate (per 100,000 population)",SH.STA.SUIC.P5,,,,,,,,,,,,,,,,,,,,,,,,,,,,,,,,,,,,,,,,,3.1,3.4,3.6,3.8,4.3,4.5,4.7,4.9,4.7,4.6,4.6,4.5,4.4,4.3,4.2,4.1,4,4,4,4.1,,
Burundi,BDI,"Suicide mortality rate (per 100,000 population)",SH.STA.SUIC.P5,,,,,,,,,,,,,,,,,,,,,,,,,,,,,,,,,,,,,,,,,11.7,10.8,10.2,9.7,9.2,8.9,8.9,8.4,7.9,7.7,7.6,7.4,7.1,7,6.7,6.4,6.4,6.4,6.3,6.2,,
Belgium,BEL,"Suicide mortality rate (per 100,000 population)",SH.STA.SUIC.P5,,,,,,,,,,,,,,,,,,,,,,,,,,,,,,,,,,,,,,,,,22,22.3,20.9,21.5,20.2,20.7,20.2,18.7,20.3,20.6,20.5,21.1,20.8,19.5,19.4,18.6,19.3,18.9,18.7,18.3,,
Benin,BEN,"Suicide mortality rate (per 100,000 population)",SH.STA.SUIC.P5,,,,,,,,,,,,,,,,,,,,,,,,,,,,,,,,,,,,,,,,,8.8,8.8,8.8,8.8,8.8,8.7,8.6,8.5,8.2,8.5,8.4,8.5,8.3,8.3,8.2,8.1,8,8,7.9,7.8,,
Burkina Faso,BFA,"Suicide mortality rate (per 100,000 population)",SH.STA.SUIC.P5,,,,,,,,,,,,,,,,,,,,,,,,,,,,,,,,,,,,,,,,,8.6,8.2,8,7.9,8,8,8.1,8.1,8,8,8,7.9,8.3,8.3,8,8,7.8,7.7,7.6,7.5,,
Bangladesh,BGD,"Suicide mortality rate (per 100,000 population)",SH.STA.SUIC.P5,,,,,,,,,,,,,,,,,,,,,,,,,,,,,,,,,,,,,,,,,6,5.7,5.3,5.1,4.9,4.9,5,4.9,4.7,4.6,4.4,4,3.7,3.5,3.5,3.4,3.4,3.5,3.6,3.7,,
Bulgaria,BGR,"Suicide mortality rate (per 100,000 population)",SH.STA.SUIC.P5,,,,,,,,,,,,,,,,,,,,,,,,,,,,,,,,,,,,,,,,,18.2,17.5,17.5,15.1,14.2,13.3,13.4,12.5,13.2,12.3,12.4,11,12.5,10.5,10.4,9.8,9.7,10.3,9.7,9.7,,
Bahrain,BHR,"Suicide mortality rate (per 100,000 population)",SH.STA.SUIC.P5,,,,,,,,,,,,,,,,,,,,,,,,,,,,,,,,,,,,,,,,,6.6,8.8,9.2,10.2,10.2,10.3,8.2,9.6,9.2,8.6,8.2,7.9,7.4,7.1,7.4,7.4,7.7,8.1,8.6,8.9,,
"Bahamas, The",BHS,"Suicide mortality rate (per 100,000 population)",SH.STA.SUIC.P5,,,,,,,,,,,,,,,,,,,,,,,,,,,,,,,,,,,,,,,,,2.3,2.5,2.3,2.4,3.2,3,3.5,3.2,3.3,3.3,3.6,3.7,3.5,3.1,3.3,3.5,3.6,3.4,3.5,3.5,,
Bosnia and Herzegovina,BIH,"Suicide mortality rate (per 100,000 population)",SH.STA.SUIC.P5,,,,,,,,,,,,,,,,,,,,,,,,,,,,,,,,,,,,,,,,,9,9.4,9.8,9.9,10,10.8,10.7,11.5,10.8,10.7,10.5,10.6,10.4,10.6,10.6,10.7,10.5,10.5,10.8,10.9,,
Belarus,BLR,"Suicide mortality rate (per 100,000 population)",SH.STA.SUIC.P5,,,,,,,,,,,,,,,,,,,,,,,,,,,,,,,,,,,,,,,,,41.8,43.3,44.3,42.9,42.1,43.5,40.9,36.8,36.7,36.5,35.9,36.2,29.9,27.9,26.3,24.3,24.2,23.3,22.8,21.2,,
Belize,BLZ,"Suicide mortality rate (per 100,000 population)",SH.STA.SUIC.P5,,,,,,,,,,,,,,,,,,,,,,,,,,,,,,,,,,,,,,,,,7.4,6,6.1,6.3,6.9,5.4,5.6,5.2,4.4,6.2,6.9,6.8,6.3,5.9,6,6,5.8,7,6.5,7.1,,
Bermuda,BMU,"Suicide mortality rate (per 100,000 population)",SH.STA.SUIC.P5,,,,,,,,,,,,,,,,,,,,,,,,,,,,,,,,,,,,,,,,,,,,,,,,,,,,,,,,,,,,,,
Bolivia,BOL,"Suicide mortality rate (per 100,000 population)",SH.STA.SUIC.P5,,,,,,,,,,,,,,,,,,,,,,,,,,,,,,,,,,,,,,,,,6.9,6.6,6.6,6.4,6.3,6.3,5.9,6.1,6,6,6,6.1,6,6,6.2,6.4,6.6,6.4,6.3,6.2,,
Brazil,BRA,"Suicide mortality rate (per 100,000 population)",SH.STA.SUIC.P5,,,,,,,,,,,,,,,,,,,,,,,,,,,,,,,,,,,,,,,,,4,4.4,4.4,4.3,4.4,4.7,4.7,4.9,5.1,5.1,5,5.2,5.4,5.6,5.6,5.9,6,6.6,7,6.9,,
Barbados,BRB,"Suicide mortality rate (per 100,000 population)",SH.STA.SUIC.P5,,,,,,,,,,,,,,,,,,,,,,,,,,,,,,,,,,,,,,,,,2.6,1.6,0.3,1.2,1.4,2.9,1.6,1.5,1,1.5,1.6,1,0.5,0.3,0.6,0.6,0.6,0.6,0.6,0.6,,
Brunei Darussalam,BRN,"Suicide mortality rate (per 100,000 population)",SH.STA.SUIC.P5,,,,,,,,,,,,,,,,,,,,,,,,,,,,,,,,,,,,,,,,,1.9,1.3,1.6,1.6,1.9,2.2,2.9,2.6,2.1,1.8,1.3,1.9,2.1,1.8,1.8,1.9,2.6,3.3,3.1,2.7,,
Bhutan,BTN,"Suicide mortality rate (per 100,000 population)",SH.STA.SUIC.P5,,,,,,,,,,,,,,,,,,,,,,,,,,,,,,,,,,,,,,,,,4.8,4.9,4.7,4.6,4.5,4.5,4.5,4.4,4.3,4.3,4.2,4.3,4.3,4.4,4.4,4.5,4.5,4.6,4.6,4.6,,
Botswana,BWA,"Suicide mortality rate (per 100,000 population)",SH.STA.SUIC.P5,,,,,,,,,,,,,,,,,,,,,,,,,,,,,,,,,,,,,,,,,35.3,34.5,32.7,31.2,31.8,34,32,29.3,28.4,25.1,24.4,22.7,22.6,21.6,19.6,19,17.8,17.4,17.4,16.1,,
Central African Republic,CAF,"Suicide mortality rate (per 100,000 population)",SH.STA.SUIC.P5,,,,,,,,,,,,,,,,,,,,,,,,,,,,,,,,,,,,,,,,,19,17.7,17.4,16.4,15.7,15.1,15.7,15.4,15.1,16,15.8,15.4,14.7,14.9,15.6,14.4,13.7,14.3,12.8,12.3,,
Canada,CAN,"Suicide mortality rate (per 100,000 population)",SH.STA.SUIC.P5,,,,,,,,,,,,,,,,,,,,,,,,,,,,,,,,,,,,,,,,,11.9,12.2,11.9,12.4,11.7,12.2,11.2,11.5,11.5,12,12.1,11.3,11.8,12.1,12.7,13,11.9,13,12,11.8,,
Central Europe and the Baltics,CEB,"Suicide mortality rate (per 100,000 population)",SH.STA.SUIC.P5,,,,,,,,,,,,,,,,,,,,,,,,,,,,,,,,,,,,,,,,,19.62281157,18.95935585,19.16723832,18.73304096,18.43393018,18.03940204,17.34118554,16.296376,16.98381069,18.03847552,17.81681727,17.27399086,17.7223873,17.0162544,16.16960545,15.40893577,14.03905854,13.81538285,13.35038796,12.5212562,,
Switzerland,CHE,"Suicide mortality rate (per 100,000 population)",SH.STA.SUIC.P5,,,,,,,,,,,,,,,,,,,,,,,,,,,,,,,,,,,,,,,,,20.2,19.6,20.9,18.7,18.5,19,18.8,19.5,18.8,16,14.5,14.6,14.7,15.1,14.7,15,14.1,14.6,14.5,14.5,,
Channel Islands,CHI,"Suicide mortality rate (per 100,000 population)",SH.STA.SUIC.P5,,,,,,,,,,,,,,,,,,,,,,,,,,,,,,,,,,,,,,,,,,,,,,,,,,,,,,,,,,,,,,
Chile,CHL,"Suicide mortality rate (per 100,000 population)",SH.STA.SUIC.P5,,,,,,,,,,,,,,,,,,,,,,,,,,,,,,,,,,,,,,,,,10.3,10.3,9.6,9.7,10.1,9.7,10,11,12.2,12.7,11.6,11.7,10.5,9.8,9.9,10,10,9.3,8.8,9,,
China,CHN,"Suicide mortality rate (per 100,000 population)",SH.STA.SUIC.P5,,,,,,,,,,,,,,,,,,,,,,,,,,,,,,,,,,,,,,,,,14.3,12.9,12.2,12.8,13.3,12.9,12.1,11.5,11.1,10.7,10.2,9.6,9,8.6,8.4,8.1,8.2,8.1,8.1,8.1,,
Cote d'Ivoire,CIV,"Suicide mortality rate (per 100,000 population)",SH.STA.SUIC.P5,,,,,,,,,,,,,,,,,,,,,,,,,,,,,,,,,,,,,,,,,14.1,13.3,12.7,12.4,12.1,11.5,11.6,11.5,10.6,11,11.4,11.1,11.3,11.1,10.5,10,9.6,9.2,9,8.9,,
Cameroon,CMR,"Suicide mortality rate (per 100,000 population)",SH.STA.SUIC.P5,,,,,,,,,,,,,,,,,,,,,,,,,,,,,,,,,,,,,,,,,10.7,10.8,10.6,10.8,10.7,11.4,11.7,11.4,11.2,11.1,10.8,10.8,10.6,10.4,10,9.5,9.2,9,8.9,9,,
"Congo, Dem. Rep.",COD,"Suicide mortality rate (per 100,000 population)",SH.STA.SUIC.P5,,,,,,,,,,,,,,,,,,,,,,,,,,,,,,,,,,,,,,,,,7.9,7.7,7.7,7.7,7.6,7.5,7.4,7.2,7.1,7.3,7.2,7.1,6.9,6.8,6.7,6.6,6.5,6.5,6.7,6.7,,
"Congo, Rep.",COG,"Suicide mortality rate (per 100,000 population)",SH.STA.SUIC.P5,,,,,,,,,,,,,,,,,,,,,,,,,,,,,,,,,,,,,,,,,14.5,12.4,11,10.1,10.2,9.7,9.6,9.3,8.9,9.3,9,8.7,8.9,8.2,7.5,6.8,6.7,6.6,6.5,6.5,,
Colombia,COL,"Suicide mortality rate (per 100,000 population)",SH.STA.SUIC.P5,,,,,,,,,,,,,,,,,,,,,,,,,,,,,,,,,,,,,,,,,5,4.9,4.7,4.6,4.5,4.1,4.1,4.1,4.2,4.1,3.8,3.7,3.8,3.7,3.8,4.1,4.2,4.7,4,3.9,,
Comoros,COM,"Suicide mortality rate (per 100,000 population)",SH.STA.SUIC.P5,,,,,,,,,,,,,,,,,,,,,,,,,,,,,,,,,,,,,,,,,6.3,6.2,5.9,5.8,5.5,5.4,5.4,5.3,5.4,5,5.6,5.1,5.2,5.2,5.5,5.5,5.5,5.4,5.4,5.4,,
Cabo Verde,CPV,"Suicide mortality rate (per 100,000 population)",SH.STA.SUIC.P5,,,,,,,,,,,,,,,,,,,,,,,,,,,,,,,,,,,,,,,,,12,12.1,12.3,12.4,12.8,13.2,13.1,13.5,14,14.4,14.8,14.8,14.9,14.6,14.4,14.4,14.4,14.2,13.4,12.9,,
Costa Rica,CRI,"Suicide mortality rate (per 100,000 population)",SH.STA.SUIC.P5,,,,,,,,,,,,,,,,,,,,,,,,,,,,,,,,,,,,,,,,,6.4,5.2,7,7.9,8.1,6.6,8.4,5.7,5.5,5.6,6.9,6.9,6.6,6.7,5.6,6.7,7.7,6.1,7.2,8.1,,
Caribbean small states,CSS,"Suicide mortality rate (per 100,000 population)",SH.STA.SUIC.P5,,,,,,,,,,,,,,,,,,,,,,,,,,,,,,,,,,,,,,,,,10.09024584,10.52440382,10.2421199,9.688605108,9.535809187,9.311821893,8.985502193,9.028669312,9.476408032,9.360924693,9.420877314,9.112566377,9.302778516,9.783587857,9.650193588,9.649353096,9.535746439,9.634464462,9.72597573,9.826282871,,
Cuba,CUB,"Suicide mortality rate (per 100,000 population)",SH.STA.SUIC.P5,,,,,,,,,,,,,,,,,,,,,,,,,,,,,,,,,,,,,,,,,17.2,15.3,14.7,13.8,13.9,12.9,12.7,12.2,12.9,13.7,14.4,14.1,13.8,13.9,13.4,14,13.4,14.5,14.3,14.5,,
Curacao,CUW,"Suicide mortality rate (per 100,000 population)",SH.STA.SUIC.P5,,,,,,,,,,,,,,,,,,,,,,,,,,,,,,,,,,,,,,,,,,,,,,,,,,,,,,,,,,,,,,
Cayman Islands,CYM,"Suicide mortality rate (per 100,000 population)",SH.STA.SUIC.P5,,,,,,,,,,,,,,,,,,,,,,,,,,,,,,,,,,,,,,,,,,,,,,,,,,,,,,,,,,,,,,
Cyprus,CYP,"Suicide mortality rate (per 100,000 population)",SH.STA.SUIC.P5,,,,,,,,,,,,,,,,,,,,,,,,,,,,,,,,,,,,,,,,,2,2.1,2.2,2.2,0.9,2.6,3.5,3.1,6.1,4.5,5.3,4.3,5.4,5.7,5.4,4.7,4.6,3.7,4.2,3.6,,
Czech Republic,CZE,"Suicide mortality rate (per 100,000 population)",SH.STA.SUIC.P5,,,,,,,,,,,,,,,,,,,,,,,,,,,,,,,,,,,,,,,,,16.3,16.2,15.4,17,16.3,15.8,14.5,14.1,14.2,15,15,16.1,16.7,15.7,14.8,13.6,13,13.9,13.6,12.2,,
Germany,DEU,"Suicide mortality rate (per 100,000 population)",SH.STA.SUIC.P5,,,,,,,,,,,,,,,,,,,,,,,,,,,,,,,,,,,,,,,,,14.5,14.5,14.6,14.4,14,13.3,12.8,12.4,12.5,12.8,13.2,13.2,12.9,13.4,13.4,13.3,13,12.6,12.9,12.3,,
Djibouti,DJI,"Suicide mortality rate (per 100,000 population)",SH.STA.SUIC.P5,,,,,,,,,,,,,,,,,,,,,,,,,,,,,,,,,,,,,,,,,7.2,7,7.3,7.4,7.5,7.6,7.5,7.5,7.6,7.8,8.2,8.5,8.7,9,9.2,9,9.3,9.7,9.7,9.6,,
Dominica,DMA,"Suicide mortality rate (per 100,000 population)",SH.STA.SUIC.P5,,,,,,,,,,,,,,,,,,,,,,,,,,,,,,,,,,,,,,,,,,,,,,,,,,,,,,,,,,,,,,
Denmark,DNK,"Suicide mortality rate (per 100,000 population)",SH.STA.SUIC.P5,,,,,,,,,,,,,,,,,,,,,,,,,,,,,,,,,,,,,,,,,15.6,15.8,14.9,13.6,14.2,14.8,14.7,12.6,13.1,12.9,11.8,12.6,12.8,12.1,12,10.9,10.9,11.3,11.4,10.7,,
Dominican Republic,DOM,"Suicide mortality rate (per 100,000 population)",SH.STA.SUIC.P5,,,,,,,,,,,,,,,,,,,,,,,,,,,,,,,,,,,,,,,,,3.9,3.9,4.1,4.4,4.5,4.8,4.7,4.8,4.8,4.9,4.7,4.9,5.2,5.5,6.1,6.4,6.4,5.7,5.2,4.9,,
Algeria,DZA,"Suicide mortality rate (per 100,000 population)",SH.STA.SUIC.P5,,,,,,,,,,,,,,,,,,,,,,,,,,,,,,,,,,,,,,,,,4.5,4.5,4.4,4.1,4,3.9,3.7,3.5,3.4,3.2,3,3,2.9,2.9,2.8,2.7,2.6,2.5,2.5,2.5,,
East Asia & Pacific (excluding high income),EAP,"Suicide mortality rate (per 100,000 population)",SH.STA.SUIC.P5,,,,,,,,,,,,,,,,,,,,,,,,,,,,,,,,,,,,,,,,,11.52015523,10.45780313,9.957706721,10.33853674,10.66721247,10.30621469,9.731963089,9.293987891,8.997607299,8.710298036,8.356051849,7.957756497,7.516699018,7.227950689,7.082318499,6.89415042,6.970317068,6.883165061,6.87538138,6.868001225,,
Early-demographic dividend,EAR,"Suicide mortality rate (per 100,000 population)",SH.STA.SUIC.P5,,,,,,,,,,,,,,,,,,,,,,,,,,,,,,,,,,,,,,,,,10.84702458,10.65600407,10.42043436,10.03941124,9.93701042,10.03510236,10.03578634,9.912246866,9.861685399,9.594858237,9.566315288,9.570557929,9.35533579,9.081543751,8.699931079,8.460944952,8.346899501,8.302323197,8.482321895,8.471057318,,
East Asia & Pacific,EAS,"Suicide mortality rate (per 100,000 population)",SH.STA.SUIC.P5,,,,,,,,,,,,,,,,,,,,,,,,,,,,,,,,,,,,,,,,,12.3811404,11.39673975,11.04830292,11.609261,11.8310376,11.54784649,10.9259913,10.6588008,10.39944246,10.28492729,9.911845793,9.506493269,8.907734169,8.629658164,8.390816527,8.138151694,8.084304873,7.950430404,7.975551841,7.892963141,,
Europe & Central Asia (excluding high income),ECA,"Suicide mortality rate (per 100,000 population)",SH.STA.SUIC.P5,,,,,,,,,,,,,,,,,,,,,,,,,,,,,,,,,,,,,,,,,31.45948851,30.44469941,30.12620973,29.47226164,28.63760512,28.405376,26.01005345,24.59552914,23.92067343,22.28233327,21.8523956,20.6443641,19.943102,19.34251468,19.3974663,18.27240703,17.65006056,16.1450264,15.89362152,14.96352076,,
Europe & Central Asia,ECS,"Suicide mortality rate (per 100,000 population)",SH.STA.SUIC.P5,,,,,,,,,,,,,,,,,,,,,,,,,,,,,,,,,,,,,,,,,22.03068337,21.38545332,21.25500076,20.85166204,20.33664385,20.03826478,18.70380494,17.80123571,17.71476121,17.14212858,16.82015606,16.34038212,16.07430584,15.81436155,15.62298039,14.97654799,14.3906419,13.67953292,13.44553856,12.81840813,,
Ecuador,ECU,"Suicide mortality rate (per 100,000 population)",SH.STA.SUIC.P5,,,,,,,,,,,,,,,,,,,,,,,,,,,,,,,,,,,,,,,,,6.4,6.9,7.9,8.5,9,9.9,10,10.2,10.5,10.5,9.9,9.8,10.1,9.6,8.8,8.8,9,9.2,8.1,7.6,,
"Egypt, Arab Rep.",EGY,"Suicide mortality rate (per 100,000 population)",SH.STA.SUIC.P5,,,,,,,,,,,,,,,,,,,,,,,,,,,,,,,,,,,,,,,,,3.1,3.2,3.2,3.2,3.1,3.1,3.1,3.1,3.1,3.1,3.2,3.3,3.4,3.4,3.3,3.3,3.2,3,3,3,,
Euro area,EMU,"Suicide mortality rate (per 100,000 population)",SH.STA.SUIC.P5,,,,,,,,,,,,,,,,,,,,,,,,,,,,,,,,,,,,,,,,,13.93132354,13.63066355,13.80641322,13.7465008,13.29870128,12.8836759,12.4522293,12.03046679,12.35358075,12.55374574,12.40273833,12.50246801,12.55051482,12.59927194,12.26106864,12.03679862,11.63093991,11.65035161,11.41380176,11.147181,,
Eritrea,ERI,"Suicide mortality rate (per 100,000 population)",SH.STA.SUIC.P5,,,,,,,,,,,,,,,,,,,,,,,,,,,,,,,,,,,,,,,,,14.5,14,13.7,12.8,13,13.1,13.2,12.9,13.3,13,12.7,12.5,12.3,12,11.7,11.6,11.5,11.3,11.3,10.9,,
Spain,ESP,"Suicide mortality rate (per 100,000 population)",SH.STA.SUIC.P5,,,,,,,,,,,,,,,,,,,,,,,,,,,,,,,,,,,,,,,,,8.6,8,8.3,8.5,8.5,8,7.5,7.4,7.8,7.6,6.9,7.1,7.7,8.5,8.6,7.9,7.8,8.2,7.8,7.7,,
Estonia,EST,"Suicide mortality rate (per 100,000 population)",SH.STA.SUIC.P5,,,,,,,,,,,,,,,,,,,,,,,,,,,,,,,,,,,,,,,,,29.1,30.3,29.3,26.3,26.5,22.6,20.9,21.4,19.4,23.3,18.8,18.2,21.1,18.9,19.5,15.9,15.7,18.7,15.3,14.9,,
Ethiopia,ETH,"Suicide mortality rate (per 100,000 population)",SH.STA.SUIC.P5,,,,,,,,,,,,,,,,,,,,,,,,,,,,,,,,,,,,,,,,,9.7,9.3,8.9,8.6,8.3,8.1,7.8,7.7,7.6,7.4,7.1,6.7,6.1,5.7,5.5,5.5,5.5,5.4,5.4,5.4,,
European Union,EUU,"Suicide mortality rate (per 100,000 population)",SH.STA.SUIC.P5,,,,,,,,,,,,,,,,,,,,,,,,,,,,,,,,,,,,,,,,,14.86810773,14.53282404,14.69547837,14.52754702,14.17549715,13.81943605,13.36954764,12.80140844,13.20555032,13.5849582,13.43005162,13.37995845,13.55163193,13.4171836,12.96960132,12.63687606,12.01126067,11.99142772,11.75756258,11.34275699,,
Fragile and conflict affected situations,FCS,"Suicide mortality rate (per 100,000 population)",SH.STA.SUIC.P5,,,,,,,,,,,,,,,,,,,,,,,,,,,,,,,,,,,,,,,,,6.603854737,6.471356257,6.367266619,6.275170279,6.225286364,6.208119294,6.136387305,6.130796598,6.113775475,6.146886124,6.079898529,6.002563962,5.848621888,5.698158927,5.538366576,5.43091396,5.36205256,5.271858149,5.247523422,5.235514779,,
Finland,FIN,"Suicide mortality rate (per 100,000 population)",SH.STA.SUIC.P5,,,,,,,,,,,,,,,,,,,,,,,,,,,,,,,,,,,,,,,,,24.3,24.1,22,21.7,21.2,19.9,21,19.7,20.6,20.4,18.6,17.9,17,17.2,15.4,14,15.2,15.9,16.2,15.3,,
Fiji,FJI,"Suicide mortality rate (per 100,000 population)",SH.STA.SUIC.P5,,,,,,,,,,,,,,,,,,,,,,,,,,,,,,,,,,,,,,,,,10.6,10.4,10.1,9.7,9.4,9.5,9.2,9.4,9.6,9.7,9.6,9.8,10,10,9.7,9.4,9.4,9.3,9.1,9,,
France,FRA,"Suicide mortality rate (per 100,000 population)",SH.STA.SUIC.P5,,,,,,,,,,,,,,,,,,,,,,,,,,,,,,,,,,,,,,,,,20.2,19.5,19.8,20.1,19.5,19.1,18.5,17.9,18.2,18.4,18.2,18,17.8,17,15.6,15.8,14.9,14.6,14.2,13.8,,
Faroe Islands,FRO,"Suicide mortality rate (per 100,000 population)",SH.STA.SUIC.P5,,,,,,,,,,,,,,,,,,,,,,,,,,,,,,,,,,,,,,,,,,,,,,,,,,,,,,,,,,,,,,
"Micronesia, Fed. Sts.",FSM,"Suicide mortality rate (per 100,000 population)",SH.STA.SUIC.P5,,,,,,,,,,,,,,,,,,,,,,,,,,,,,,,,,,,,,,,,,24,23.4,22.5,22.8,23.8,24.6,24.6,24.4,24.5,24.5,24.5,25.2,25.5,25.6,25.8,27,27,27.7,28.2,28.2,,
Gabon,GAB,"Suicide mortality rate (per 100,000 population)",SH.STA.SUIC.P5,,,,,,,,,,,,,,,,,,,,,,,,,,,,,,,,,,,,,,,,,13,12.2,11.2,11,10.1,10.2,10.6,10.4,11.3,10.2,10.1,10,8.9,8.6,9.8,9.6,9.2,8.8,8.6,8.4,,
United Kingdom,GBR,"Suicide mortality rate (per 100,000 population)",SH.STA.SUIC.P5,,,,,,,,,,,,,,,,,,,,,,,,,,,,,,,,,,,,,,,,,8.6,8.3,8.3,7.9,8.2,7.9,7.8,7.6,8.1,8,7.8,8.3,8.2,8.8,8.6,8.8,8.5,8.2,8.1,7.9,,
Georgia,GEO,"Suicide mortality rate (per 100,000 population)",SH.STA.SUIC.P5,,,,,,,,,,,,,,,,,,,,,,,,,,,,,,,,,,,,,,,,,7.4,6.9,8.2,6.6,7.4,6.2,6.2,6.1,7.5,8.5,8.3,8.7,9.2,9.8,10.3,10.5,10.7,9.6,9.4,9.2,,
Ghana,GHA,"Suicide mortality rate (per 100,000 population)",SH.STA.SUIC.P5,,,,,,,,,,,,,,,,,,,,,,,,,,,,,,,,,,,,,,,,,5.4,5.8,6.1,6.4,6.6,6.9,7,7.2,7.5,7.6,7.8,7.8,7.8,7.7,7.5,7.3,7.2,7,6.6,6.6,,
Gibraltar,GIB,"Suicide mortality rate (per 100,000 population)",SH.STA.SUIC.P5,,,,,,,,,,,,,,,,,,,,,,,,,,,,,,,,,,,,,,,,,,,,,,,,,,,,,,,,,,,,,,
Guinea,GIN,"Suicide mortality rate (per 100,000 population)",SH.STA.SUIC.P5,,,,,,,,,,,,,,,,,,,,,,,,,,,,,,,,,,,,,,,,,5.4,5.4,5.6,5.6,5.7,5.6,6,6.3,6.3,6.4,6.8,7,7.1,7.3,7.1,7.2,7.1,7,6.9,7,,
"Gambia, The",GMB,"Suicide mortality rate (per 100,000 population)",SH.STA.SUIC.P5,,,,,,,,,,,,,,,,,,,,,,,,,,,,,,,,,,,,,,,,,5.6,5.7,5.8,5.8,5.9,5.8,5.7,5.7,5.6,5.5,5.3,5.4,5.3,5.3,5.3,5.1,4.9,4.9,4.8,4.8,,
Guinea-Bissau,GNB,"Suicide mortality rate (per 100,000 population)",SH.STA.SUIC.P5,,,,,,,,,,,,,,,,,,,,,,,,,,,,,,,,,,,,,,,,,9.5,9.3,9.1,8.8,8.8,8.4,8.4,8.4,8.4,8.5,8.4,8.2,8,8.1,7.8,7.3,7.3,7.3,7.2,7,,
Equatorial Guinea,GNQ,"Suicide mortality rate (per 100,000 population)",SH.STA.SUIC.P5,,,,,,,,,,,,,,,,,,,,,,,,,,,,,,,,,,,,,,,,,12.6,11.4,10.1,9.7,9.3,8.9,9.2,9,8.8,8.9,10,11.2,10,8.4,8.8,9.8,9.3,7.8,8.3,7.9,,
Greece,GRC,"Suicide mortality rate (per 100,000 population)",SH.STA.SUIC.P5,,,,,,,,,,,,,,,,,,,,,,,,,,,,,,,,,,,,,,,,,3.5,3.1,2.9,3.3,3.1,3.7,3.7,3,3.4,3.6,3.5,4.4,4.8,5,5.3,5,4.7,5.1,5.1,5.1,,
Grenada,GRD,"Suicide mortality rate (per 100,000 population)",SH.STA.SUIC.P5,,,,,,,,,,,,,,,,,,,,,,,,,,,,,,,,,,,,,,,,,1.9,0.4,3.2,2.4,4.6,3.1,5.1,2,2.4,0.7,0.9,1.7,1.7,1.2,0.6,0.7,1,0.6,0.3,0.7,,
Greenland,GRL,"Suicide mortality rate (per 100,000 population)",SH.STA.SUIC.P5,,,,,,,,,,,,,,,,,,,,,,,,,,,,,,,,,,,,,,,,,,,,,,,,,,,,,,,,,,,,,,
Guatemala,GTM,"Suicide mortality rate (per 100,000 population)",SH.STA.SUIC.P5,,,,,,,,,,,,,,,,,,,,,,,,,,,,,,,,,,,,,,,,,10.2,10.7,10.5,10.8,11,11.4,10.7,8.3,8,7.9,7.3,6.6,6.1,5.9,5.8,5.8,5.7,5.6,6,5.9,,
Guam,GUM,"Suicide mortality rate (per 100,000 population)",SH.STA.SUIC.P5,,,,,,,,,,,,,,,,,,,,,,,,,,,,,,,,,,,,,,,,,,,,,,,,,,,,,,,,,,,,,,
Guyana,GUY,"Suicide mortality rate (per 100,000 population)",SH.STA.SUIC.P5,,,,,,,,,,,,,,,,,,,,,,,,,,,,,,,,,,,,,,,,,31.4,34.7,34.5,33.2,32.5,30.9,30.7,30.9,30,32.9,33.3,32.6,35,38.2,37.2,37.3,37.9,38.5,39.5,40.3,,
High income,HIC,"Suicide mortality rate (per 100,000 population)",SH.STA.SUIC.P5,,,,,,,,,,,,,,,,,,,,,,,,,,,,,,,,,,,,,,,,,14.02577179,13.93967677,14.26265778,14.58540161,14.36770264,14.31514244,13.93299849,14.08543322,14.37284487,14.83090127,14.70142541,14.71572424,14.39070864,14.34752707,14.12483225,13.95901141,13.64325011,13.74987608,13.62690992,13.42417526,,
"Hong Kong SAR, China",HKG,"Suicide mortality rate (per 100,000 population)",SH.STA.SUIC.P5,,,,,,,,,,,,,,,,,,,,,,,,,,,,,,,,,,,,,,,,,,,,,,,,,,,,,,,,,,,,,,
Honduras,HND,"Suicide mortality rate (per 100,000 population)",SH.STA.SUIC.P5,,,,,,,,,,,,,,,,,,,,,,,,,,,,,,,,,,,,,,,,,2.1,2.1,2.1,2.2,2.1,2.2,2.2,2.1,2.1,2,2,1.9,3.3,3.2,3.4,4,2,2.1,2,2.1,,
Heavily indebted poor countries (HIPC),HPC,"Suicide mortality rate (per 100,000 population)",SH.STA.SUIC.P5,,,,,,,,,,,,,,,,,,,,,,,,,,,,,,,,,,,,,,,,,8.602758822,8.281831462,8.035450584,7.879387025,7.740016078,7.658358102,7.583392085,7.438124927,7.349580615,7.364831975,7.269577841,7.145610931,6.946396652,6.802586654,6.60449311,6.480974574,6.373438372,6.290511651,6.255481396,6.232233164,,
Croatia,HRV,"Suicide mortality rate (per 100,000 population)",SH.STA.SUIC.P5,,,,,,,,,,,,,,,,,,,,,,,,,,,,,,,,,,,,,,,,,20.8,19.7,19.5,19.7,20.2,20.1,18.3,18.1,18.4,18.3,18.3,16.4,18.4,16.5,17.3,17.6,16.4,15.7,16.4,16.4,,
Haiti,HTI,"Suicide mortality rate (per 100,000 population)",SH.STA.SUIC.P5,,,,,,,,,,,,,,,,,,,,,,,,,,,,,,,,,,,,,,,,,9.7,9.5,9.3,9.3,9,9.4,9.6,10,10.1,10.3,10.9,10.1,10,9.9,10,10,9.8,9.7,9.7,9.6,,
Hungary,HUN,"Suicide mortality rate (per 100,000 population)",SH.STA.SUIC.P5,,,,,,,,,,,,,,,,,,,,,,,,,,,,,,,,,,,,,,,,,33.4,29.8,28.6,28,27.5,26.4,24.9,25,25.4,25.4,25.5,25.1,24.8,22.1,20.4,19.9,18.7,17.5,17.7,16.6,,
IBRD only,IBD,"Suicide mortality rate (per 100,000 population)",SH.STA.SUIC.P5,,,,,,,,,,,,,,,,,,,,,,,,,,,,,,,,,,,,,,,,,14.18102419,13.49839784,13.09812149,12.97369645,12.99674238,12.91095198,12.37438405,11.97292774,11.76204946,11.36412679,11.14528704,10.86651475,10.49369388,10.12727269,9.807777583,9.479976852,9.376183837,9.218088238,9.336822328,9.238292159,,
IDA & IBRD total,IBT,"Suicide mortality rate (per 100,000 population)",SH.STA.SUIC.P5,,,,,,,,,,,,,,,,,,,,,,,,,,,,,,,,,,,,,,,,,12.77758845,12.1803385,11.81881494,11.68074009,11.66720854,11.57795071,11.14850511,10.81316533,10.62752823,10.30306356,10.10641841,9.85764452,9.536794944,9.230108537,8.950448815,8.674074212,8.573309833,8.429293753,8.499286098,8.414130966,,
IDA total,IDA,"Suicide mortality rate (per 100,000 population)",SH.STA.SUIC.P5,,,,,,,,,,,,,,,,,,,,,,,,,,,,,,,,,,,,,,,,,7.578802334,7.360204698,7.200862071,7.074021755,6.991923528,6.951703631,6.950154444,6.894302885,6.844868797,6.811697019,6.733291992,6.623451125,6.505565901,6.421740814,6.299328,6.213271094,6.153315606,6.082730882,6.041913217,6.030597631,,
IDA blend,IDB,"Suicide mortality rate (per 100,000 population)",SH.STA.SUIC.P5,,,,,,,,,,,,,,,,,,,,,,,,,,,,,,,,,,,,,,,,,7.620641036,7.557887827,7.530367372,7.445197934,7.442174691,7.436952642,7.477906558,7.513030965,7.486014353,7.372699385,7.304441187,7.250396496,7.205481623,7.155518576,7.031956,6.953074,6.920927767,6.816524606,6.690163282,6.664931073,,
Indonesia,IDN,"Suicide mortality rate (per 100,000 population)",SH.STA.SUIC.P5,,,,,,,,,,,,,,,,,,,,,,,,,,,,,,,,,,,,,,,,,3.5,3.4,3.3,3.2,3.2,3,2.9,2.9,2.8,2.7,2.6,2.6,2.5,2.5,2.4,2.4,2.4,2.4,2.4,2.4,,
IDA only,IDX,"Suicide mortality rate (per 100,000 population)",SH.STA.SUIC.P5,,,,,,,,,,,,,,,,,,,,,,,,,,,,,,,,,,,,,,,,,7.55776697,7.260891088,7.035512594,6.888002687,6.766518463,6.708927274,6.686143389,6.584660604,6.523739866,6.530386892,6.446300331,6.307733,6.15255357,6.051063662,5.928692138,5.838573732,5.764222865,5.710614276,5.713133757,5.708922611,,
Isle of Man,IMN,"Suicide mortality rate (per 100,000 population)",SH.STA.SUIC.P5,,,,,,,,,,,,,,,,,,,,,,,,,,,,,,,,,,,,,,,,,,,,,,,,,,,,,,,,,,,,,,
India,IND,"Suicide mortality rate (per 100,000 population)",SH.STA.SUIC.P5,,,,,,,,,,,,,,,,,,,,,,,,,,,,,,,,,,,,,,,,,17,16.6,16.1,15.3,15.2,15.5,15.6,15.3,15.1,14.5,14.6,14.7,14.3,13.7,12.8,12.3,12.1,12,12.6,12.7,,
Not classified,INX,"Suicide mortality rate (per 100,000 population)",SH.STA.SUIC.P5,,,,,,,,,,,,,,,,,,,,,,,,,,,,,,,,,,,,,,,,,,,,,,,,,,,,,,,,,,,,,,
Ireland,IRL,"Suicide mortality rate (per 100,000 population)",SH.STA.SUIC.P5,,,,,,,,,,,,,,,,,,,,,,,,,,,,,,,,,,,,,,,,,12.7,13.2,12.2,12.1,11.9,11.8,10.9,11.5,12.2,14,11.9,12.5,12.4,11.4,11,9.3,10,10,9.9,9.6,,
"Iran, Islamic Rep.",IRN,"Suicide mortality rate (per 100,000 population)",SH.STA.SUIC.P5,,,,,,,,,,,,,,,,,,,,,,,,,,,,,,,,,,,,,,,,,8,7.8,7.5,7,6.7,6.3,6,6.4,6.2,6.2,6.3,6.8,6.7,6.6,6.5,6.3,6.2,6,5.7,5.2,,
Iraq,IRQ,"Suicide mortality rate (per 100,000 population)",SH.STA.SUIC.P5,,,,,,,,,,,,,,,,,,,,,,,,,,,,,,,,,,,,,,,,,3.8,3.8,3.8,3.8,3.8,3.8,3.8,3.7,3.6,3.7,3.9,4.1,4.1,4.2,4.1,4.1,4,3.9,3.7,3.6,,
Iceland,ISL,"Suicide mortality rate (per 100,000 population)",SH.STA.SUIC.P5,,,,,,,,,,,,,,,,,,,,,,,,,,,,,,,,,,,,,,,,,13.1,12.8,12.2,12.5,12.4,11.8,12.5,14.8,14.8,14.3,12.8,11.6,13.5,13.9,15.7,14.3,13,12.2,10.8,11.9,,
Israel,ISR,"Suicide mortality rate (per 100,000 population)",SH.STA.SUIC.P5,,,,,,,,,,,,,,,,,,,,,,,,,,,,,,,,,,,,,,,,,6.8,6.4,5.9,6.4,6.1,6.7,5.5,5.2,5.3,6,6.7,5.7,6.1,5.2,5.1,4.5,5.2,5.1,5.4,5.3,,
Italy,ITA,"Suicide mortality rate (per 100,000 population)",SH.STA.SUIC.P5,,,,,,,,,,,,,,,,,,,,,,,,,,,,,,,,,,,,,,,,,7.5,7.3,7.4,7.4,7.2,6.7,6.7,6.7,6.9,7,6.9,7.4,7.6,7.5,7.2,7.1,6.6,7.1,6.7,6.7,,
Jamaica,JAM,"Suicide mortality rate (per 100,000 population)",SH.STA.SUIC.P5,,,,,,,,,,,,,,,,,,,,,,,,,,,,,,,,,,,,,,,,,1.9,1.9,1.8,1.7,1.6,1.5,1.5,1.8,2.2,2.3,1.9,2.2,2.1,2,2.2,2.2,2.2,2.3,2.3,2.4,,
Jordan,JOR,"Suicide mortality rate (per 100,000 population)",SH.STA.SUIC.P5,,,,,,,,,,,,,,,,,,,,,,,,,,,,,,,,,,,,,,,,,2.5,2.4,2.3,2.3,2.2,2,1.9,1.7,1.7,1.6,1.5,1.5,1.5,1.5,1.5,1.5,1.5,1.5,1.6,1.6,,
Japan,JPN,"Suicide mortality rate (per 100,000 population)",SH.STA.SUIC.P5,,,,,,,,,,,,,,,,,,,,,,,,,,,,,,,,,,,,,,,,,23.9,23.2,23.8,25.6,24.1,24.3,23.9,25,24.4,24.9,24.1,23.4,21.6,21.4,20.1,19.1,17.5,17,16.7,15.3,,
Kazakhstan,KAZ,"Suicide mortality rate (per 100,000 population)",SH.STA.SUIC.P5,,,,,,,,,,,,,,,,,,,,,,,,,,,,,,,,,,,,,,,,,38.7,39,38.2,39.2,39.7,39.2,38,38,34.6,30.3,29.9,28.7,27.6,26.3,24.2,23.2,21.7,20.8,19,17.6,,
Kenya,KEN,"Suicide mortality rate (per 100,000 population)",SH.STA.SUIC.P5,,,,,,,,,,,,,,,,,,,,,,,,,,,,,,,,,,,,,,,,,7.6,6.9,6.4,6.1,5.7,6,6,6.3,6.2,6,6,5.9,5.9,5.9,5.7,5.5,5.4,5.6,6,6.1,,
Kyrgyz Republic,KGZ,"Suicide mortality rate (per 100,000 population)",SH.STA.SUIC.P5,,,,,,,,,,,,,,,,,,,,,,,,,,,,,,,,,,,,,,,,,14.8,14.1,14,13.2,12.6,13.2,13.1,12.6,12.3,11.9,11.4,11.3,10.9,10.5,10.5,9.9,8.6,8.3,8,7.4,,
Cambodia,KHM,"Suicide mortality rate (per 100,000 population)",SH.STA.SUIC.P5,,,,,,,,,,,,,,,,,,,,,,,,,,,,,,,,,,,,,,,,,5,5.1,5.1,5.1,5.3,5.5,5.7,5.7,5.6,5.4,5.4,5.3,5.2,5.2,5.1,5.1,5.1,5,4.9,4.9,,
Kiribati,KIR,"Suicide mortality rate (per 100,000 population)",SH.STA.SUIC.P5,,,,,,,,,,,,,,,,,,,,,,,,,,,,,,,,,,,,,,,,,31.2,31.1,30.9,29.4,29.3,30.1,29.4,30.9,31.5,30.9,30.7,30.8,30,30.5,29.8,29.7,29.5,29.6,28.1,28.3,,
St. Kitts and Nevis,KNA,"Suicide mortality rate (per 100,000 population)",SH.STA.SUIC.P5,,,,,,,,,,,,,,,,,,,,,,,,,,,,,,,,,,,,,,,,,,,,,,,,,,,,,,,,,,,,,,
"Korea, Rep.",KOR,"Suicide mortality rate (per 100,000 population)",SH.STA.SUIC.P5,,,,,,,,,,,,,,,,,,,,,,,,,,,,,,,,,,,,,,,,,14.5,15.6,19,24.1,25.4,26.7,23.7,26.7,28.6,34.2,34,34.5,30.2,30.6,29,28,27.2,25.8,28.6,28.6,,
Kuwait,KWT,"Suicide mortality rate (per 100,000 population)",SH.STA.SUIC.P5,,,,,,,,,,,,,,,,,,,,,,,,,,,,,,,,,,,,,,,,,3,2.6,2.8,2.6,2.7,2.6,2.7,2.6,2.9,2.7,2.5,2.3,2.4,2.4,2.5,2.6,2.6,2.7,2.8,2.9,,
Latin America & Caribbean (excluding high income),LAC,"Suicide mortality rate (per 100,000 population)",SH.STA.SUIC.P5,,,,,,,,,,,,,,,,,,,,,,,,,,,,,,,,,,,,,,,,,5.095612606,5.352635613,5.352352315,5.326771108,5.2892704,5.391059,5.340287535,5.335361296,5.519250154,5.610390571,5.506152626,5.701682352,5.745182399,5.825493438,5.957982914,6.020893855,6.010945252,6.391556702,6.362270851,6.218854406,,
Lao PDR,LAO,"Suicide mortality rate (per 100,000 population)",SH.STA.SUIC.P5,,,,,,,,,,,,,,,,,,,,,,,,,,,,,,,,,,,,,,,,,6.9,6.9,6.7,6.5,6.5,6.5,6.4,6.3,6.3,6.1,6,5.9,5.7,5.7,5.5,5.6,5.6,5.6,5.6,5.4,,
Lebanon,LBN,"Suicide mortality rate (per 100,000 population)",SH.STA.SUIC.P5,,,,,,,,,,,,,,,,,,,,,,,,,,,,,,,,,,,,,,,,,2.8,2.7,2.7,2.6,2.7,2.7,2.5,2.9,2.9,3,3,3,3,3,2.8,2.8,2.7,3,2.5,2.8,,
Liberia,LBR,"Suicide mortality rate (per 100,000 population)",SH.STA.SUIC.P5,,,,,,,,,,,,,,,,,,,,,,,,,,,,,,,,,,,,,,,,,5.1,4.8,4.8,4.8,4.8,4.7,4.8,4.9,4.8,4.8,4.9,5,5,4.9,4.9,4.5,4.5,4.5,4.4,4.5,,
Libya,LBY,"Suicide mortality rate (per 100,000 population)",SH.STA.SUIC.P5,,,,,,,,,,,,,,,,,,,,,,,,,,,,,,,,,,,,,,,,,4.9,5.1,5.2,5.1,4.4,4.3,4.2,4.9,5.4,5.7,5.6,5.1,5.7,4.8,6.3,5.6,5,5.5,5.8,4.5,,
St. Lucia,LCA,"Suicide mortality rate (per 100,000 population)",SH.STA.SUIC.P5,,,,,,,,,,,,,,,,,,,,,,,,,,,,,,,,,,,,,,,,,7.2,7.3,6.8,7.2,6.9,7.1,7.6,7.1,8,7.2,7.9,7.2,8.7,8.3,8.9,8.7,7.4,7.9,8,7.9,,
Latin America & Caribbean,LCN,"Suicide mortality rate (per 100,000 population)",SH.STA.SUIC.P5,,,,,,,,,,,,,,,,,,,,,,,,,,,,,,,,,,,,,,,,,5.358641057,5.596040065,5.58948656,5.513608023,5.46872293,5.540440991,5.478124551,5.502854277,5.687152214,5.763296097,5.650938854,5.842038589,5.830297641,5.839327632,5.951723859,6.029308744,6.031419252,6.361245056,6.326041149,6.19915238,,
Least developed countries: UN classification,LDC,"Suicide mortality rate (per 100,000 population)",SH.STA.SUIC.P5,,,,,,,,,,,,,,,,,,,,,,,,,,,,,,,,,,,,,,,,,7.651204153,7.34300207,7.108181879,6.957666547,6.827751824,6.757507314,6.748536102,6.608110093,6.561563988,6.53732598,6.437790243,6.277683655,6.098731313,5.982121981,5.854131487,5.775451496,5.72151542,5.668542281,5.685916342,5.68672046,,
Low income,LIC,"Suicide mortality rate (per 100,000 population)",SH.STA.SUIC.P5,,,,,,,,,,,,,,,,,,,,,,,,,,,,,,,,,,,,,,,,,8.010601171,7.746036044,7.563269511,7.417501647,7.304745069,7.223656613,7.13673423,6.992323329,6.924422164,6.929796205,6.834347247,6.730744831,6.567300127,6.432651185,6.281159241,6.207660205,6.156990643,6.075432611,6.081577297,6.077933822,,
Liechtenstein,LIE,"Suicide mortality rate (per 100,000 population)",SH.STA.SUIC.P5,,,,,,,,,,,,,,,,,,,,,,,,,,,,,,,,,,,,,,,,,,,,,,,,,,,,,,,,,,,,,,
Sri Lanka,LKA,"Suicide mortality rate (per 100,000 population)",SH.STA.SUIC.P5,,,,,,,,,,,,,,,,,,,,,,,,,,,,,,,,,,,,,,,,,26.7,21.8,21,20.9,21.8,28.6,18.3,20,17.5,22.7,21.9,17.9,16.6,15.2,13.1,15.1,14.8,14.4,14.2,14,,
Lower middle income,LMC,"Suicide mortality rate (per 100,000 population)",SH.STA.SUIC.P5,,,,,,,,,,,,,,,,,,,,,,,,,,,,,,,,,,,,,,,,,11.67782303,11.32366084,11.01301936,10.57131196,10.48065736,10.61328333,10.51605731,10.40853843,10.26607649,9.933763178,9.904804104,9.87907337,9.639301592,9.322843435,8.879787446,8.596761094,8.455117069,8.344045643,8.560984726,8.562951847,,
Low & middle income,LMY,"Suicide mortality rate (per 100,000 population)",SH.STA.SUIC.P5,,,,,,,,,,,,,,,,,,,,,,,,,,,,,,,,,,,,,,,,,12.77479272,12.16567545,11.79971608,11.66507143,11.6477748,11.55737871,11.13112376,10.79928381,10.60462923,10.26508457,10.07501318,9.828804578,9.505455876,9.207331128,8.930437625,8.662168191,8.57174903,8.431305047,8.503538507,8.426146368,,
Lesotho,LSO,"Suicide mortality rate (per 100,000 population)",SH.STA.SUIC.P5,,,,,,,,,,,,,,,,,,,,,,,,,,,,,,,,,,,,,,,,,28.6,27.3,29.2,31.9,33.5,33.6,40.3,45,57.8,63.3,65.4,69.5,79.1,87.6,92.6,92.4,87,78.3,76.6,72.4,,
Late-demographic dividend,LTE,"Suicide mortality rate (per 100,000 population)",SH.STA.SUIC.P5,,,,,,,,,,,,,,,,,,,,,,,,,,,,,,,,,,,,,,,,,15.6059859,14.53200495,14.03565851,14.28922457,14.47861783,14.1931454,13.22055656,12.60779547,12.28513509,11.94133758,11.55305112,10.97653631,10.50249328,10.12724673,9.964240764,9.677570299,9.625416929,9.352727219,9.297383378,9.120775879,,
Lithuania,LTU,"Suicide mortality rate (per 100,000 population)",SH.STA.SUIC.P5,,,,,,,,,,,,,,,,,,,,,,,,,,,,,,,,,,,,,,,,,50.1,47.1,47,45.4,43.3,42.7,35.2,34.5,37.8,39.2,37.2,38.1,35,40.5,35.6,34.9,32.8,29.7,27.4,26.1,,
Luxembourg,LUX,"Suicide mortality rate (per 100,000 population)",SH.STA.SUIC.P5,,,,,,,,,,,,,,,,,,,,,,,,,,,,,,,,,,,,,,,,,16.1,16.7,16.1,15.3,12.1,13.4,15.2,14,13.4,11.3,12,11.9,11.3,11.3,12.7,12.2,10.2,9.8,10.6,11.3,,
Latvia,LVA,"Suicide mortality rate (per 100,000 population)",SH.STA.SUIC.P5,,,,,,,,,,,,,,,,,,,,,,,,,,,,,,,,,,,,,,,,,34.7,32.2,31.5,29.1,26.8,26.5,23.2,20.9,26.4,26.3,22.5,22.7,23.5,20.6,20.7,21.6,21.3,21.4,18.1,20.1,,
"Macao SAR, China",MAC,"Suicide mortality rate (per 100,000 population)",SH.STA.SUIC.P5,,,,,,,,,,,,,,,,,,,,,,,,,,,,,,,,,,,,,,,,,,,,,,,,,,,,,,,,,,,,,,
St. Martin (French part),MAF,"Suicide mortality rate (per 100,000 population)",SH.STA.SUIC.P5,,,,,,,,,,,,,,,,,,,,,,,,,,,,,,,,,,,,,,,,,,,,,,,,,,,,,,,,,,,,,,
Morocco,MAR,"Suicide mortality rate (per 100,000 population)",SH.STA.SUIC.P5,,,,,,,,,,,,,,,,,,,,,,,,,,,,,,,,,,,,,,,,,9.9,9.9,9.6,9.6,9.5,9.4,9.3,9.3,9.3,9.2,9.2,9.2,8.9,8,7.7,7.4,7.2,7.1,7.2,7.2,,
Monaco,MCO,"Suicide mortality rate (per 100,000 population)",SH.STA.SUIC.P5,,,,,,,,,,,,,,,,,,,,,,,,,,,,,,,,,,,,,,,,,,,,,,,,,,,,,,,,,,,,,,
Moldova,MDA,"Suicide mortality rate (per 100,000 population)",SH.STA.SUIC.P5,,,,,,,,,,,,,,,,,,,,,,,,,,,,,,,,,,,,,,,,,17.2,18.6,17.7,18.5,18.3,19.4,19.7,17.2,19.1,19.7,20.5,15.3,17,17,17.2,16.2,15.9,14.9,14.4,14.7,,
Madagascar,MDG,"Suicide mortality rate (per 100,000 population)",SH.STA.SUIC.P5,,,,,,,,,,,,,,,,,,,,,,,,,,,,,,,,,,,,,,,,,5.8,5.7,5.8,5.9,5.9,5.8,5.8,5.7,5.7,5.7,5.7,5.7,5.6,5.6,5.6,5.5,5.5,5.5,5.5,5.5,,
Maldives,MDV,"Suicide mortality rate (per 100,000 population)",SH.STA.SUIC.P5,,,,,,,,,,,,,,,,,,,,,,,,,,,,,,,,,,,,,,,,,3.8,3.7,3.5,3.5,2.9,3,3.1,3,3.1,2.9,2.7,2.6,2.6,2.6,2.7,2.8,3.1,3.1,2.9,2.7,,
Middle East & North Africa,MEA,"Suicide mortality rate (per 100,000 population)",SH.STA.SUIC.P5,,,,,,,,,,,,,,,,,,,,,,,,,,,,,,,,,,,,,,,,,5.255432789,5.224747666,5.099037128,4.965164318,4.84320809,4.763933223,4.664661409,4.753224812,4.74425806,4.763686035,4.8404827,4.968715536,4.971396321,4.85600959,4.784277621,4.636661552,4.561153787,4.451611511,4.42243983,4.309393958,,
Mexico,MEX,"Suicide mortality rate (per 100,000 population)",SH.STA.SUIC.P5,,,,,,,,,,,,,,,,,,,,,,,,,,,,,,,,,,,,,,,,,3.5,3.8,3.9,4,4,4.1,4,4.1,4.4,4.6,4.5,5.2,4.9,5.2,5.7,5.6,5.6,5.9,5.4,5.3,,
Marshall Islands,MHL,"Suicide mortality rate (per 100,000 population)",SH.STA.SUIC.P5,,,,,,,,,,,,,,,,,,,,,,,,,,,,,,,,,,,,,,,,,,,,,,,,,,,,,,,,,,,,,,
Middle income,MIC,"Suicide mortality rate (per 100,000 population)",SH.STA.SUIC.P5,,,,,,,,,,,,,,,,,,,,,,,,,,,,,,,,,,,,,,,,,13.17366716,12.54138781,12.16564031,12.03799908,12.03544777,11.9506885,11.4997335,11.15653479,10.95572463,10.58839179,10.39399821,10.13818685,9.802888527,9.491978243,9.205904988,8.920950931,8.829987477,8.686907349,8.770316306,8.688920984,,
North Macedonia,MKD,"Suicide mortality rate (per 100,000 population)",SH.STA.SUIC.P5,,,,,,,,,,,,,,,,,,,,,,,,,,,,,,,,,,,,,,,,,9.3,12.8,9.7,9.1,10.6,8.6,9.7,9.4,9.4,9.7,7.1,7.4,10,9.7,9.3,9.2,9.3,9.3,9.4,9.4,,
Mali,MLI,"Suicide mortality rate (per 100,000 population)",SH.STA.SUIC.P5,,,,,,,,,,,,,,,,,,,,,,,,,,,,,,,,,,,,,,,,,4.8,4.7,4.7,4.6,4.5,4.6,4.5,4.6,4.6,4.6,4.5,4.5,4.5,4.5,4.4,4.3,4.2,4.1,4.1,4.1,,
Malta,MLT,"Suicide mortality rate (per 100,000 population)",SH.STA.SUIC.P5,,,,,,,,,,,,,,,,,,,,,,,,,,,,,,,,,,,,,,,,,6.8,7.2,5.7,5.4,5.9,5.6,6.8,5.5,6.4,6.9,7.5,6.8,6,6.8,7.1,7.2,5.8,5.5,6,6.1,,
Myanmar,MMR,"Suicide mortality rate (per 100,000 population)",SH.STA.SUIC.P5,,,,,,,,,,,,,,,,,,,,,,,,,,,,,,,,,,,,,,,,,4.7,4.4,4.4,4.3,4.2,4.1,4.1,3.9,3.6,3.6,3.5,3.4,3.3,3.3,3.2,3.2,3.2,3,2.9,2.9,,
Middle East & North Africa (excluding high income),MNA,"Suicide mortality rate (per 100,000 population)",SH.STA.SUIC.P5,,,,,,,,,,,,,,,,,,,,,,,,,,,,,,,,,,,,,,,,,5.334113268,5.297281065,5.168058358,5.000845103,4.872545245,4.738452086,4.614489699,4.677961771,4.623143506,4.591207677,4.619031424,4.752339689,4.739264364,4.632529947,4.557333498,4.438452686,4.349830748,4.241772426,4.194640417,4.057305044,,
Montenegro,MNE,"Suicide mortality rate (per 100,000 population)",SH.STA.SUIC.P5,,,,,,,,,,,,,,,,,,,,,,,,,,,,,,,,,,,,,,,,,20.8,19.9,20.2,20.9,21.2,21.7,22.3,21,20.9,20.9,20.3,20.9,21,20.4,20.6,20.7,20.8,21.1,21.2,21,,
Mongolia,MNG,"Suicide mortality rate (per 100,000 population)",SH.STA.SUIC.P5,,,,,,,,,,,,,,,,,,,,,,,,,,,,,,,,,,,,,,,,,22,22.3,21.7,23.1,23.7,24,23.7,23.6,23.8,23.6,23.4,22.7,21.7,21,20,20,20.1,19.2,18.6,17.9,,
Northern Mariana Islands,MNP,"Suicide mortality rate (per 100,000 population)",SH.STA.SUIC.P5,,,,,,,,,,,,,,,,,,,,,,,,,,,,,,,,,,,,,,,,,,,,,,,,,,,,,,,,,,,,,,
Mozambique,MOZ,"Suicide mortality rate (per 100,000 population)",SH.STA.SUIC.P5,,,,,,,,,,,,,,,,,,,,,,,,,,,,,,,,,,,,,,,,,12.5,12.4,12.3,12.3,12.4,12.6,12.6,12.6,13.5,14.5,14.9,15.3,15.7,15.3,14.4,13.9,13.6,13.4,13.5,13.6,,
Mauritania,MRT,"Suicide mortality rate (per 100,000 population)",SH.STA.SUIC.P5,,,,,,,,,,,,,,,,,,,,,,,,,,,,,,,,,,,,,,,,,3.5,3.4,3.4,3.3,3.3,3.2,3.2,3.2,3.1,3.1,3.1,3,3.1,3.1,3.1,3,3,3.1,3.1,3.1,,
Mauritius,MUS,"Suicide mortality rate (per 100,000 population)",SH.STA.SUIC.P5,,,,,,,,,,,,,,,,,,,,,,,,,,,,,,,,,,,,,,,,,11.8,10.1,11.3,7.7,8.2,9,9.2,10.3,6.7,9.1,7.8,9,9.6,8.2,10.2,7.9,8.1,9.6,8.7,9.5,,
Malawi,MWI,"Suicide mortality rate (per 100,000 population)",SH.STA.SUIC.P5,,,,,,,,,,,,,,,,,,,,,,,,,,,,,,,,,,,,,,,,,10.8,9.8,8.8,8.2,7.8,7.2,7.5,7.8,7.6,8,8.2,7.3,6.8,6.4,6.3,6.2,6.1,5.9,5.6,5.4,,
Malaysia,MYS,"Suicide mortality rate (per 100,000 population)",SH.STA.SUIC.P5,,,,,,,,,,,,,,,,,,,,,,,,,,,,,,,,,,,,,,,,,4.7,4.5,4.5,4.7,4.7,4.6,4.5,4.4,4.5,4.6,4.5,4.6,4.6,4.4,4.6,4.8,5.1,5.4,5.4,5.7,,
North America,NAC,"Suicide mortality rate (per 100,000 population)",SH.STA.SUIC.P5,,,,,,,,,,,,,,,,,,,,,,,,,,,,,,,,,,,,,,,,,11.08827656,11.47853645,11.8098312,11.7688444,11.88032884,11.9295128,12.01142481,12.31140877,12.58173234,12.72096627,13.00095626,13.19153561,13.33070697,13.36012494,13.86979771,14.25976937,14.77829512,15.60696503,15.3231394,15.65815384,,
Namibia,NAM,"Suicide mortality rate (per 100,000 population)",SH.STA.SUIC.P5,,,,,,,,,,,,,,,,,,,,,,,,,,,,,,,,,,,,,,,,,19.3,18.8,18.7,18.2,16.7,17.8,17.7,17.3,14.1,13.1,12.9,11.4,10.2,10.2,10.9,11.6,10.7,10.9,9.9,9.7,,
New Caledonia,NCL,"Suicide mortality rate (per 100,000 population)",SH.STA.SUIC.P5,,,,,,,,,,,,,,,,,,,,,,,,,,,,,,,,,,,,,,,,,,,,,,,,,,,,,,,,,,,,,,
Niger,NER,"Suicide mortality rate (per 100,000 population)",SH.STA.SUIC.P5,,,,,,,,,,,,,,,,,,,,,,,,,,,,,,,,,,,,,,,,,5,5.1,5.1,5.2,5.1,5.3,5.2,5.3,5.2,5.3,5.3,5.4,5.5,5.5,5.5,5.4,5.3,5.3,5.3,5.3,,
Nigeria,NGA,"Suicide mortality rate (per 100,000 population)",SH.STA.SUIC.P5,,,,,,,,,,,,,,,,,,,,,,,,,,,,,,,,,,,,,,,,,4.9,4.9,4.8,4.8,4.8,4.8,4.7,4.7,4.6,4.5,4.4,4.4,4.2,4.1,3.9,3.7,3.7,3.6,3.5,3.5,,
Nicaragua,NIC,"Suicide mortality rate (per 100,000 population)",SH.STA.SUIC.P5,,,,,,,,,,,,,,,,,,,,,,,,,,,,,,,,,,,,,,,,,5.5,5.2,5,5.6,5.4,5.2,4.6,4.9,5.1,5,4.8,5.5,4.4,5.3,4.5,4.2,4.4,4.4,4.5,4.4,,
Netherlands,NLD,"Suicide mortality rate (per 100,000 population)",SH.STA.SUIC.P5,,,,,,,,,,,,,,,,,,,,,,,,,,,,,,,,,,,,,,,,,9.6,9.6,10,9.6,9.7,9.8,9.6,8.4,9,9.5,9.8,10.1,10.7,11.8,11.6,11.8,11.9,12.1,11.4,11.8,,
Norway,NOR,"Suicide mortality rate (per 100,000 population)",SH.STA.SUIC.P5,,,,,,,,,,,,,,,,,,,,,,,,,,,,,,,,,,,,,,,,,13.9,14.2,12.1,11.8,12.8,12.4,12.8,11.8,11.8,13,12.4,13.3,11.4,11.8,11.6,12.5,12.6,12.1,12,11.8,,
Nepal,NPL,"Suicide mortality rate (per 100,000 population)",SH.STA.SUIC.P5,,,,,,,,,,,,,,,,,,,,,,,,,,,,,,,,,,,,,,,,,8.5,8.1,8,7.8,7.7,7.9,7.7,8,8.3,8.5,8.7,8.9,8.9,8.7,8.5,8.5,8.5,8.7,8.8,9,,
Nauru,NRU,"Suicide mortality rate (per 100,000 population)",SH.STA.SUIC.P5,,,,,,,,,,,,,,,,,,,,,,,,,,,,,,,,,,,,,,,,,,,,,,,,,,,,,,,,,,,,,,
New Zealand,NZL,"Suicide mortality rate (per 100,000 population)",SH.STA.SUIC.P5,,,,,,,,,,,,,,,,,,,,,,,,,,,,,,,,,,,,,,,,,12.5,13.9,12.5,13.7,12.6,12.9,13.1,12.3,12.4,11.5,12.6,11.4,12.7,12.2,11.3,11.7,12.2,12.7,11.4,11,,
OECD members,OED,"Suicide mortality rate (per 100,000 population)",SH.STA.SUIC.P5,,,,,,,,,,,,,,,,,,,,,,,,,,,,,,,,,,,,,,,,,12.54317858,12.46830005,12.7116348,12.99999061,12.80219634,12.72864327,12.38562571,12.49698814,12.76353455,13.17094103,13.03136172,13.08392119,12.75586908,12.75848017,12.60103113,12.46954925,12.19904206,12.33184707,12.14335494,11.94857759,,
Oman,OMN,"Suicide mortality rate (per 100,000 population)",SH.STA.SUIC.P5,,,,,,,,,,,,,,,,,,,,,,,,,,,,,,,,,,,,,,,,,6.2,6.2,5.9,6.1,5.9,6,6.5,6.8,6.8,6.5,6.7,6.1,5.4,5.3,5.1,5,4.7,4.7,4.7,4.9,,
Other small states,OSS,"Suicide mortality rate (per 100,000 population)",SH.STA.SUIC.P5,,,,,,,,,,,,,,,,,,,,,,,,,,,,,,,,,,,,,,,,,15.72977719,15.54372173,15.59577552,15.34318971,15.29206038,15.34962623,15.70194246,16.12791686,16.58388104,16.67438875,16.16584436,15.94121058,16.48606825,16.48804551,16.63360603,16.01943207,15.23073322,14.50436762,13.98431314,13.50910985,,
Pakistan,PAK,"Suicide mortality rate (per 100,000 population)",SH.STA.SUIC.P5,,,,,,,,,,,,,,,,,,,,,,,,,,,,,,,,,,,,,,,,,8.8,8.9,9.1,9.1,9.2,9,9.2,9.1,9,8.8,8.8,8.7,8.8,8.9,8.9,9,9.1,9.1,8.9,8.9,,
Panama,PAN,"Suicide mortality rate (per 100,000 population)",SH.STA.SUIC.P5,,,,,,,,,,,,,,,,,,,,,,,,,,,,,,,,,,,,,,,,,5.4,5.7,5.3,5.9,5.8,5,5.7,4.9,5.4,4.8,4.2,3.8,3.6,3.4,4.1,2.9,3.3,3.2,2.9,2.9,,
Peru,PER,"Suicide mortality rate (per 100,000 population)",SH.STA.SUIC.P5,,,,,,,,,,,,,,,,,,,,,,,,,,,,,,,,,,,,,,,,,3.1,2.9,2.9,3,2.8,2.7,2.7,2.6,2.7,3.3,3.5,3.3,3.2,3.1,2.9,2.7,2.6,2.7,2.8,2.8,,
Philippines,PHL,"Suicide mortality rate (per 100,000 population)",SH.STA.SUIC.P5,,,,,,,,,,,,,,,,,,,,,,,,,,,,,,,,,,,,,,,,,1.8,1.5,1.7,1.8,1.8,1.9,2,1.9,2,2.3,2.4,2.7,2.4,2.4,2.3,2.3,2.2,2.2,2.2,2.2,,
Palau,PLW,"Suicide mortality rate (per 100,000 population)",SH.STA.SUIC.P5,,,,,,,,,,,,,,,,,,,,,,,,,,,,,,,,,,,,,,,,,,,,,,,,,,,,,,,,,,,,,,
Papua New Guinea,PNG,"Suicide mortality rate (per 100,000 population)",SH.STA.SUIC.P5,,,,,,,,,,,,,,,,,,,,,,,,,,,,,,,,,,,,,,,,,2.1,2.3,2.3,2.4,2.4,2.4,2.4,2.5,2.5,2.4,2.6,2.6,2.7,2.7,2.9,3,3,2.8,2.9,3,,
Poland,POL,"Suicide mortality rate (per 100,000 population)",SH.STA.SUIC.P5,,,,,,,,,,,,,,,,,,,,,,,,,,,,,,,,,,,,,,,,,17,17.2,17.3,17,17.6,17.7,17.1,15.7,17,19.2,18.6,18,18.5,18.2,17.4,15.9,13.8,13.3,12.7,11.3,,
Pre-demographic dividend,PRE,"Suicide mortality rate (per 100,000 population)",SH.STA.SUIC.P5,,,,,,,,,,,,,,,,,,,,,,,,,,,,,,,,,,,,,,,,,7.430956921,7.174750661,6.976926107,6.880384013,6.792904594,6.748797951,6.7269207,6.581226329,6.485421958,6.469349295,6.414338152,6.358996426,6.2242766,6.128599484,5.917787846,5.767938989,5.682863812,5.614093952,5.595432851,5.585186035,,
Puerto Rico,PRI,"Suicide mortality rate (per 100,000 population)",SH.STA.SUIC.P5,,,,,,,,,,,,,,,,,,,,,,,,,,,,,,,,,,,,,,,,,,,,,,,,,,,,,,,,,,,,,,
"Korea, Dem. People's Rep.",PRK,"Suicide mortality rate (per 100,000 population)",SH.STA.SUIC.P5,,,,,,,,,,,,,,,,,,,,,,,,,,,,,,,,,,,,,,,,,9.8,9.5,9.5,9.2,9,8.9,8.9,9,9.4,9.4,9.5,9.7,9.7,9.9,10,10.5,10.4,9.8,9.3,9.4,,
Portugal,PRT,"Suicide mortality rate (per 100,000 population)",SH.STA.SUIC.P5,,,,,,,,,,,,,,,,,,,,,,,,,,,,,,,,,,,,,,,,,7.6,8.8,12.5,11.9,10.6,11.4,11.5,12.6,13.1,13.1,13.6,12.3,13.5,12.5,14.2,13.2,11.4,12,11.7,11.5,,
Paraguay,PRY,"Suicide mortality rate (per 100,000 population)",SH.STA.SUIC.P5,,,,,,,,,,,,,,,,,,,,,,,,,,,,,,,,,,,,,,,,,3.1,3.1,3.6,3.4,4.2,4.4,4.2,3.8,3.6,4.4,3.5,4.6,4.6,4.9,5.9,5.7,5.3,6.1,6,6,,
West Bank and Gaza,PSE,"Suicide mortality rate (per 100,000 population)",SH.STA.SUIC.P5,,,,,,,,,,,,,,,,,,,,,,,,,,,,,,,,,,,,,,,,,,,,,,,,,,,,,,,,,,,,,,
Pacific island small states,PSS,"Suicide mortality rate (per 100,000 population)",SH.STA.SUIC.P5,,,,,,,,,,,,,,,,,,,,,,,,,,,,,,,,,,,,,,,,,13.9275961,13.73441241,13.60776923,13.45462491,13.14039149,13.28599574,13.28247734,13.6827574,13.92192753,13.91275115,14.00582927,14.1009786,14.17653882,14.12947778,13.98279847,13.92244864,13.87933612,13.90559651,13.76664142,13.65508727,,
Post-demographic dividend,PST,"Suicide mortality rate (per 100,000 population)",SH.STA.SUIC.P5,,,,,,,,,,,,,,,,,,,,,,,,,,,,,,,,,,,,,,,,,15.78561488,15.56087762,15.85253001,16.09741427,15.81410114,15.75693489,15.2256997,15.39810583,15.60617523,15.78475491,15.6245028,15.59571801,15.20996305,15.17423417,15.02617652,14.80752187,14.52868874,14.65807758,14.61299939,14.42288648,,
French Polynesia,PYF,"Suicide mortality rate (per 100,000 population)",SH.STA.SUIC.P5,,,,,,,,,,,,,,,,,,,,,,,,,,,,,,,,,,,,,,,,,,,,,,,,,,,,,,,,,,,,,,
Qatar,QAT,"Suicide mortality rate (per 100,000 population)",SH.STA.SUIC.P5,,,,,,,,,,,,,,,,,,,,,,,,,,,,,,,,,,,,,,,,,7.8,8,7.8,7.4,7.2,6.8,6.8,8.4,8.3,8.4,8.2,8,7.4,6.7,6.3,6.1,6.1,5.8,5.8,5.8,,
Romania,ROU,"Suicide mortality rate (per 100,000 population)",SH.STA.SUIC.P5,,,,,,,,,,,,,,,,,,,,,,,,,,,,,,,,,,,,,,,,,12.9,12.3,14.2,13.5,12.7,12.3,12.9,11.6,11.7,12.2,13.2,12.1,12.6,12.2,11.3,11.5,10.2,10.1,10.2,9.7,,
Russian Federation,RUS,"Suicide mortality rate (per 100,000 population)",SH.STA.SUIC.P5,,,,,,,,,,,,,,,,,,,,,,,,,,,,,,,,,,,,,,,,,53.8,52.4,52,51.6,50.1,49.8,44.8,41.7,40.7,38.4,38.1,35.9,34.4,33.5,33.8,32,31,28.2,27.1,25.1,,
Rwanda,RWA,"Suicide mortality rate (per 100,000 population)",SH.STA.SUIC.P5,,,,,,,,,,,,,,,,,,,,,,,,,,,,,,,,,,,,,,,,,15.8,14,12.5,11,9.6,8.8,8.4,8,7.5,7,6.6,6.2,6,5.8,5.8,5.7,5.7,5.6,5.6,5.6,,
South Asia,SAS,"Suicide mortality rate (per 100,000 population)",SH.STA.SUIC.P5,,,,,,,,,,,,,,,,,,,,,,,,,,,,,,,,,,,,,,,,,14.947335,14.54469226,14.12717757,13.48929138,13.4082007,13.69873485,13.66267132,13.43818048,13.22585945,12.80451323,12.84902115,12.82228356,12.48137586,11.99744197,11.28602168,10.93476631,10.7886331,10.71901819,11.14682227,11.2256803,,
Saudi Arabia,SAU,"Suicide mortality rate (per 100,000 population)",SH.STA.SUIC.P5,,,,,,,,,,,,,,,,,,,,,,,,,,,,,,,,,,,,,,,,,3.2,3.3,3.4,3.5,3.4,3.7,4,4.3,4.6,5,5.5,6.1,6.4,6.5,6.6,6.3,6.3,6.2,6.1,6,,
Sudan,SDN,"Suicide mortality rate (per 100,000 population)",SH.STA.SUIC.P5,,,,,,,,,,,,,,,,,,,,,,,,,,,,,,,,,,,,,,,,,4.3,4.2,4.2,4.1,4.1,4.2,4.1,4.1,4.1,4.1,4,4.1,4,4,3.9,3.9,3.9,3.8,3.9,3.8,,
Senegal,SEN,"Suicide mortality rate (per 100,000 population)",SH.STA.SUIC.P5,,,,,,,,,,,,,,,,,,,,,,,,,,,,,,,,,,,,,,,,,7.8,7.6,7.5,7.4,7.3,7.2,7,6.7,6.8,6.7,6.6,6.5,6.5,6.5,6.5,6.4,6.3,6.2,6.1,6,,
Singapore,SGP,"Suicide mortality rate (per 100,000 population)",SH.STA.SUIC.P5,,,,,,,,,,,,,,,,,,,,,,,,,,,,,,,,,,,,,,,,,12.4,11.3,12.4,12.1,11.7,11.2,11.7,10.7,10.4,10.5,9.9,9.6,11.3,10.3,10.2,9,9.1,9,9.4,11.2,,
Solomon Islands,SLB,"Suicide mortality rate (per 100,000 population)",SH.STA.SUIC.P5,,,,,,,,,,,,,,,,,,,,,,,,,,,,,,,,,,,,,,,,,14.4,14.1,14.3,14.6,13.8,14,14.1,15.2,15.8,15.8,15.7,15.7,15.6,15.4,15.3,15.2,15.1,15.1,15,14.7,,
Sierra Leone,SLE,"Suicide mortality rate (per 100,000 population)",SH.STA.SUIC.P5,,,,,,,,,,,,,,,,,,,,,,,,,,,,,,,,,,,,,,,,,5.7,5.9,6,6.1,6.1,6,6.5,6.4,6.5,6.6,6.8,6.5,6.6,6.3,6.2,5.9,6.2,6.3,6.6,6.7,,
El Salvador,SLV,"Suicide mortality rate (per 100,000 population)",SH.STA.SUIC.P5,,,,,,,,,,,,,,,,,,,,,,,,,,,,,,,,,,,,,,,,,6.2,6.8,5.3,6.5,6.8,7.8,6.6,7.9,6.8,8.6,6.1,8,6.8,6.4,5.8,6.9,5.7,6.1,6,6.1,,
San Marino,SMR,"Suicide mortality rate (per 100,000 population)",SH.STA.SUIC.P5,,,,,,,,,,,,,,,,,,,,,,,,,,,,,,,,,,,,,,,,,,,,,,,,,,,,,,,,,,,,,,
Somalia,SOM,"Suicide mortality rate (per 100,000 population)",SH.STA.SUIC.P5,,,,,,,,,,,,,,,,,,,,,,,,,,,,,,,,,,,,,,,,,9.1,8.9,8.9,8.9,9.1,8.9,8.7,8.4,8.5,8.5,8.2,8.1,8.1,8.1,8.1,8,7.9,8,8,7.9,,
Serbia,SRB,"Suicide mortality rate (per 100,000 population)",SH.STA.SUIC.P5,,,,,,,,,,,,,,,,,,,,,,,,,,,,,,,,,,,,,,,,,23.1,21.8,22.4,21.2,21.3,20.1,19.5,18.7,18,19.5,17.2,18,18.2,17.9,17,16.4,15.2,0.6,11.3,11.4,,
Sub-Saharan Africa (excluding high income),SSA,"Suicide mortality rate (per 100,000 population)",SH.STA.SUIC.P5,,,,,,,,,,,,,,,,,,,,,,,,,,,,,,,,,,,,,,,,,9.243825638,8.988372882,8.861137077,8.769610291,8.621670502,8.537471924,8.442467279,8.414514617,8.502885943,8.478160454,8.237806168,7.985486315,7.827567063,7.721216577,7.529943537,7.385839566,7.254627963,7.160115317,7.039389112,6.975679687,,
South Sudan,SSD,"Suicide mortality rate (per 100,000 population)",SH.STA.SUIC.P5,,,,,,,,,,,,,,,,,,,,,,,,,,,,,,,,,,,,,,,,,4.3,4,3.9,3.9,3.9,3.9,3.9,3.9,3.8,3.7,3.7,3.6,3.7,3.6,3.5,3.6,3.7,3.7,3.8,3.9,,
Sub-Saharan Africa,SSF,"Suicide mortality rate (per 100,000 population)",SH.STA.SUIC.P5,,,,,,,,,,,,,,,,,,,,,,,,,,,,,,,,,,,,,,,,,9.243820294,8.988398044,8.861105892,8.769636791,8.621746207,8.537456915,8.442430114,8.414428139,8.502811673,8.478059477,8.237760943,7.985477945,7.827554789,7.721214553,7.529978428,7.385897202,7.254696977,7.160219349,7.039493258,6.975778844,,
Small states,SST,"Suicide mortality rate (per 100,000 population)",SH.STA.SUIC.P5,,,,,,,,,,,,,,,,,,,,,,,,,,,,,,,,,,,,,,,,,14.37642255,14.33459218,14.31140405,14.01004111,13.93220492,13.95023662,14.15671075,14.52408902,14.98837121,15.05408458,14.7140028,14.50894249,14.9729715,15.07767055,15.1672973,14.71407269,14.10626644,13.58553776,13.20745872,12.86394372,,
Sao Tome and Principe,STP,"Suicide mortality rate (per 100,000 population)",SH.STA.SUIC.P5,,,,,,,,,,,,,,,,,,,,,,,,,,,,,,,,,,,,,,,,,1.4,1.5,1.6,1.3,1.5,1.3,1.5,1.6,1.6,1.5,1.5,1.4,1.5,1.5,1.5,1.5,1.5,1.5,1.5,1.5,,
Suriname,SUR,"Suicide mortality rate (per 100,000 population)",SH.STA.SUIC.P5,,,,,,,,,,,,,,,,,,,,,,,,,,,,,,,,,,,,,,,,,21.5,24.2,24.4,24.3,23.6,24.2,24.6,24.5,24.5,24.4,25.5,24.3,25.2,25.1,24.7,24.8,24.4,24.5,25.5,25.4,,
Slovak Republic,SVK,"Suicide mortality rate (per 100,000 population)",SH.STA.SUIC.P5,,,,,,,,,,,,,,,,,,,,,,,,,,,,,,,,,,,,,,,,,14.2,13.9,14.6,15,13.9,13.7,14.5,14,12.7,13.1,13.6,12.9,12.6,12.3,12.9,12.4,12.3,12.3,12.2,12.1,,
Slovenia,SVN,"Suicide mortality rate (per 100,000 population)",SH.STA.SUIC.P5,,,,,,,,,,,,,,,,,,,,,,,,,,,,,,,,,,,,,,,,,32,30.9,29.1,29.7,28.7,26.8,27.9,22.9,20.6,22.5,20.7,21.6,22,22.2,19.6,21,19,20.9,17.8,19.8,,
Sweden,SWE,"Suicide mortality rate (per 100,000 population)",SH.STA.SUIC.P5,,,,,,,,,,,,,,,,,,,,,,,,,,,,,,,,,,,,,,,,,15.1,16,15.5,14.4,14.8,15.7,15,14.5,15,15.7,14.7,14.2,15,15.9,14.8,15.7,14.6,15,14.9,14.7,,
Eswatini,SWZ,"Suicide mortality rate (per 100,000 population)",SH.STA.SUIC.P5,,,,,,,,,,,,,,,,,,,,,,,,,,,,,,,,,,,,,,,,,28.4,32.2,37.2,40.5,42.4,43.9,47.3,53.9,55,54.2,50.4,47,47.6,44.6,39.2,35.1,32.8,30.4,28.5,29.4,,
Sint Maarten (Dutch part),SXM,"Suicide mortality rate (per 100,000 population)",SH.STA.SUIC.P5,,,,,,,,,,,,,,,,,,,,,,,,,,,,,,,,,,,,,,,,,,,,,,,,,,,,,,,,,,,,,,
Seychelles,SYC,"Suicide mortality rate (per 100,000 population)",SH.STA.SUIC.P5,,,,,,,,,,,,,,,,,,,,,,,,,,,,,,,,,,,,,,,,,9.2,9.2,8.6,9,9.3,8.4,8.1,7.6,7.8,7.5,7.8,7.9,7.7,7.7,7.9,8,8,8.3,8.2,8.1,,
Syrian Arab Republic,SYR,"Suicide mortality rate (per 100,000 population)",SH.STA.SUIC.P5,,,,,,,,,,,,,,,,,,,,,,,,,,,,,,,,,,,,,,,,,1.5,1.4,1.4,1.3,1.4,1.4,1.4,1.4,1.4,1.4,1.5,1.5,1.6,1.8,1.8,1.7,1.6,1.8,1.9,2,,
Turks and Caicos Islands,TCA,"Suicide mortality rate (per 100,000 population)",SH.STA.SUIC.P5,,,,,,,,,,,,,,,,,,,,,,,,,,,,,,,,,,,,,,,,,,,,,,,,,,,,,,,,,,,,,,
Chad,TCD,"Suicide mortality rate (per 100,000 population)",SH.STA.SUIC.P5,,,,,,,,,,,,,,,,,,,,,,,,,,,,,,,,,,,,,,,,,7.8,7.8,7.7,7.8,7.5,7.5,7.5,7.7,7.5,7.6,7.7,7.7,7.6,7.4,7.1,6.8,6.7,6.7,6.6,6.4,,
East Asia & Pacific (IDA & IBRD countries),TEA,"Suicide mortality rate (per 100,000 population)",SH.STA.SUIC.P5,,,,,,,,,,,,,,,,,,,,,,,,,,,,,,,,,,,,,,,,,11.54214774,10.47004333,9.963556537,10.35309248,10.68852667,10.32417832,9.742575932,9.297731143,8.992495412,8.701556882,8.341585845,7.935781091,7.489254353,7.194472289,7.045872583,6.849229258,6.927702541,6.847024934,6.845396922,6.836726251,,
Europe & Central Asia (IDA & IBRD countries),TEC,"Suicide mortality rate (per 100,000 population)",SH.STA.SUIC.P5,,,,,,,,,,,,,,,,,,,,,,,,,,,,,,,,,,,,,,,,,30.07062363,29.16556564,28.88476996,28.27177275,27.57869221,27.378396,25.14887814,23.74946501,23.25950435,21.97380249,21.535519,20.37482915,19.80426188,19.21780805,19.20812911,18.06607889,17.31576263,15.90362509,15.6328578,14.6732206,,
Togo,TGO,"Suicide mortality rate (per 100,000 population)",SH.STA.SUIC.P5,,,,,,,,,,,,,,,,,,,,,,,,,,,,,,,,,,,,,,,,,10,10.3,10.4,10.7,10.8,10.7,11,10.9,10.8,10.5,10.4,10.4,10.4,10.3,10.1,9.7,9.3,9,8.7,8.8,,
Thailand,THA,"Suicide mortality rate (per 100,000 population)",SH.STA.SUIC.P5,,,,,,,,,,,,,,,,,,,,,,,,,,,,,,,,,,,,,,,,,12,10.9,11,10.7,10.5,9.1,8.9,8.4,8.1,8,8.1,8,7.9,7.5,7.8,8,8.5,8.4,8.8,8.8,,
Tajikistan,TJK,"Suicide mortality rate (per 100,000 population)",SH.STA.SUIC.P5,,,,,,,,,,,,,,,,,,,,,,,,,,,,,,,,,,,,,,,,,3.8,3.6,3.5,3.4,3.5,3.6,3.6,3.7,3.8,3.9,4,4,4.1,4,4.1,4.1,4.3,4.2,4.2,4.3,,
Turkmenistan,TKM,"Suicide mortality rate (per 100,000 population)",SH.STA.SUIC.P5,,,,,,,,,,,,,,,,,,,,,,,,,,,,,,,,,,,,,,,,,12.5,13.5,14.1,14.3,14.3,15.1,15.1,13.2,11.4,9.4,8.5,7.6,7.1,7.1,6.8,6.3,6.2,5.8,5.7,5.7,,
Latin America & the Caribbean (IDA & IBRD countries),TLA,"Suicide mortality rate (per 100,000 population)",SH.STA.SUIC.P5,,,,,,,,,,,,,,,,,,,,,,,,,,,,,,,,,,,,,,,,,5.100936204,5.388446103,5.397737533,5.340925015,5.294315084,5.389890933,5.332615842,5.370209,5.546354305,5.609826331,5.482997616,5.685825843,5.681448525,5.69040971,5.815498378,5.884508333,5.8990646,6.216534325,6.185659424,6.054162295,,
Timor-Leste,TLS,"Suicide mortality rate (per 100,000 population)",SH.STA.SUIC.P5,,,,,,,,,,,,,,,,,,,,,,,,,,,,,,,,,,,,,,,,,3.6,3.6,3.4,3.4,3.1,3,2.7,2.6,2.4,3.1,3,3.2,3.3,3.3,3.4,3.5,3.6,3.6,3.6,3.7,,
Middle East & North Africa (IDA & IBRD countries),TMN,"Suicide mortality rate (per 100,000 population)",SH.STA.SUIC.P5,,,,,,,,,,,,,,,,,,,,,,,,,,,,,,,,,,,,,,,,,5.334113268,5.297281065,5.168058358,5.000845103,4.872545245,4.738452086,4.614489699,4.677961771,4.623143506,4.591207677,4.619031424,4.752339689,4.739264364,4.632529947,4.557333498,4.438452686,4.349830748,4.241772426,4.194640417,4.057305044,,
Tonga,TON,"Suicide mortality rate (per 100,000 population)",SH.STA.SUIC.P5,,,,,,,,,,,,,,,,,,,,,,,,,,,,,,,,,,,,,,,,,4.2,4.2,4.2,4.2,4.2,4,4,4,3.9,4.3,4.6,4.5,4.5,4.6,4.6,4.6,4.1,4.2,4,3.8,,
South Asia (IDA & IBRD),TSA,"Suicide mortality rate (per 100,000 population)",SH.STA.SUIC.P5,,,,,,,,,,,,,,,,,,,,,,,,,,,,,,,,,,,,,,,,,14.947335,14.54469226,14.12717757,13.48929138,13.4082007,13.69873485,13.66267132,13.43818048,13.22585945,12.80451323,12.84902115,12.82228356,12.48137586,11.99744197,11.28602168,10.93476631,10.7886331,10.71901819,11.14682227,11.2256803,,
Sub-Saharan Africa (IDA & IBRD countries),TSS,"Suicide mortality rate (per 100,000 population)",SH.STA.SUIC.P5,,,,,,,,,,,,,,,,,,,,,,,,,,,,,,,,,,,,,,,,,9.243820294,8.988398044,8.861105892,8.769636791,8.621746207,8.537456915,8.442430114,8.414428139,8.502811673,8.478059477,8.237760943,7.985477945,7.827554789,7.721214553,7.529978428,7.385897202,7.254696977,7.160219349,7.039493258,6.975778844,,
Trinidad and Tobago,TTO,"Suicide mortality rate (per 100,000 population)",SH.STA.SUIC.P5,,,,,,,,,,,,,,,,,,,,,,,,,,,,,,,,,,,,,,,,,16.3,16.3,15.3,13.4,13.1,12.7,11.3,11.2,13.7,11.2,11.3,9.9,9.5,10.9,10.5,10.2,9.8,9.5,9,8.7,,
Tunisia,TUN,"Suicide mortality rate (per 100,000 population)",SH.STA.SUIC.P5,,,,,,,,,,,,,,,,,,,,,,,,,,,,,,,,,,,,,,,,,3.7,3.7,3.8,3.8,3.7,3.7,3.7,3.6,3.5,3.5,3.5,3.4,3.4,3.3,3.2,3.1,3.1,3.1,3.2,3.3,,
Turkey,TUR,"Suicide mortality rate (per 100,000 population)",SH.STA.SUIC.P5,,,,,,,,,,,,,,,,,,,,,,,,,,,,,,,,,,,,,,,,,4,3.6,3.2,3.1,3,2.8,2.7,2.5,2.4,2.4,2.4,2.2,2.2,2.3,2.3,2.3,2.3,2.3,2.3,2.4,,
Tuvalu,TUV,"Suicide mortality rate (per 100,000 population)",SH.STA.SUIC.P5,,,,,,,,,,,,,,,,,,,,,,,,,,,,,,,,,,,,,,,,,,,,,,,,,,,,,,,,,,,,,,
Tanzania,TZA,"Suicide mortality rate (per 100,000 population)",SH.STA.SUIC.P5,,,,,,,,,,,,,,,,,,,,,,,,,,,,,,,,,,,,,,,,,8.9,7.9,7,6.4,5.8,5.4,5.3,5.4,5.8,5.5,5,4.8,4.3,4.4,4.2,4.2,4.2,4.2,4.2,4.3,,
Uganda,UGA,"Suicide mortality rate (per 100,000 population)",SH.STA.SUIC.P5,,,,,,,,,,,,,,,,,,,,,,,,,,,,,,,,,,,,,,,,,10.2,9.8,9.4,9.4,9.5,9.7,9.4,8,7.1,6.8,6.3,6.3,5.7,5.2,4.8,4.7,4.7,4.4,4.4,4.6,,
Ukraine,UKR,"Suicide mortality rate (per 100,000 population)",SH.STA.SUIC.P5,,,,,,,,,,,,,,,,,,,,,,,,,,,,,,,,,,,,,,,,,39.1,36.7,36,34.5,33.8,33.8,30.8,31.5,30.9,26.3,24.5,23,23.1,22.6,24.4,21.6,21.4,20.6,21.9,21.6,,
Upper middle income,UMC,"Suicide mortality rate (per 100,000 population)",SH.STA.SUIC.P5,,,,,,,,,,,,,,,,,,,,,,,,,,,,,,,,,,,,,,,,,14.84845434,13.91729956,13.48018232,13.72626759,13.84169204,13.51861283,12.66356989,12.04976106,11.78673705,11.3841483,10.99387945,10.4584729,10.00646516,9.703857772,9.617171765,9.332630047,9.309338146,9.12828505,9.041832643,8.853650395,,
Uruguay,URY,"Suicide mortality rate (per 100,000 population)",SH.STA.SUIC.P5,,,,,,,,,,,,,,,,,,,,,,,,,,,,,,,,,,,,,,,,,16,14.5,19.8,15.6,15.3,14.8,15.5,17.4,15.1,15,16,16.8,17.8,15.8,17.4,18.6,21.1,20.8,21.2,21.2,,
United States,USA,"Suicide mortality rate (per 100,000 population)",SH.STA.SUIC.P5,,,,,,,,,,,,,,,,,,,,,,,,,,,,,,,,,,,,,,,,,11,11.4,11.8,11.7,11.9,11.9,12.1,12.4,12.7,12.8,13.1,13.4,13.5,13.5,14,14.4,15.1,15.9,15.7,16.1,,
Uzbekistan,UZB,"Suicide mortality rate (per 100,000 population)",SH.STA.SUIC.P5,,,,,,,,,,,,,,,,,,,,,,,,,,,,,,,,,,,,,,,,,10.1,10,9.7,9,8.6,9.1,8.8,8.6,8.5,8,8.1,8.5,8.9,8.9,9,9.2,9.1,8.8,8.6,8,,
St. Vincent and the Grenadines,VCT,"Suicide mortality rate (per 100,000 population)",SH.STA.SUIC.P5,,,,,,,,,,,,,,,,,,,,,,,,,,,,,,,,,,,,,,,,,5.7,5.2,6.6,5.8,5.1,9.9,6.2,8.4,4.2,2.6,3,5.6,5.4,3.9,1.4,3.3,0.7,0,1,1,,
"Venezuela, RB",VEN,"Suicide mortality rate (per 100,000 population)",SH.STA.SUIC.P5,,,,,,,,,,,,,,,,,,,,,,,,,,,,,,,,,,,,,,,,,5.4,5.7,5.4,4.9,4.5,4.4,3.9,3.7,3.5,3.2,3.4,3.6,3.2,2.5,2.1,2.3,2.2,2.2,2.2,2.1,,
British Virgin Islands,VGB,"Suicide mortality rate (per 100,000 population)",SH.STA.SUIC.P5,,,,,,,,,,,,,,,,,,,,,,,,,,,,,,,,,,,,,,,,,,,,,,,,,,,,,,,,,,,,,,
Virgin Islands (U.S.),VIR,"Suicide mortality rate (per 100,000 population)",SH.STA.SUIC.P5,,,,,,,,,,,,,,,,,,,,,,,,,,,,,,,,,,,,,,,,,,,,,,,,,,,,,,,,,,,,,,
Vietnam,VNM,"Suicide mortality rate (per 100,000 population)",SH.STA.SUIC.P5,,,,,,,,,,,,,,,,,,,,,,,,,,,,,,,,,,,,,,,,,6.1,6.1,6.1,6.1,6.3,6.3,6.4,6.7,6.9,6.9,7,7.2,7.4,7.5,7.6,7.7,7.7,7.7,7.6,7.5,,
Vanuatu,VUT,"Suicide mortality rate (per 100,000 population)",SH.STA.SUIC.P5,,,,,,,,,,,,,,,,,,,,,,,,,,,,,,,,,,,,,,,,,19.1,18.9,19.1,19,18.6,18.2,19.2,19.1,18.9,19.8,19.5,19,19.1,18.9,18.2,18.2,18,18.1,18.1,18,,
World,WLD,"Suicide mortality rate (per 100,000 population)",SH.STA.SUIC.P5,,,,,,,,,,,,,,,,,,,,,,,,,,,,,,,,,,,,,,,,,12.95958373,12.44152222,12.19035398,12.1284941,12.07327824,11.98658258,11.56505742,11.31147319,11.19375549,10.98173277,10.79909949,10.59141644,10.26247254,9.998443505,9.724924165,9.470201503,9.340172474,9.234424753,9.271779472,9.170477253,,
Samoa,WSM,"Suicide mortality rate (per 100,000 population)",SH.STA.SUIC.P5,,,,,,,,,,,,,,,,,,,,,,,,,,,,,,,,,,,,,,,,,13.7,13.7,13.4,13.2,12.8,12.9,13,12.9,12.8,11,12.8,12.8,12.7,12.1,12.8,12.7,12.8,12.6,12.6,12.6,,
Kosovo,XKX,"Suicide mortality rate (per 100,000 population)",SH.STA.SUIC.P5,,,,,,,,,,,,,,,,,,,,,,,,,,,,,,,,,,,,,,,,,,,,,,,,,,,,,,,,,,,,,,
"Yemen, Rep.",YEM,"Suicide mortality rate (per 100,000 population)",SH.STA.SUIC.P5,,,,,,,,,,,,,,,,,,,,,,,,,,,,,,,,,,,,,,,,,6.1,6.1,5.9,5.9,6,5.9,5.8,5.8,6,5.9,5.7,5.6,5.7,5.7,5.7,5.5,5.7,5.6,5.9,5.8,,
South Africa,ZAF,"Suicide mortality rate (per 100,000 population)",SH.STA.SUIC.P5,,,,,,,,,,,,,,,,,,,,,,,,,,,,,,,,,,,,,,,,,22.4,23,24.3,25.1,24.6,24.4,23.6,24.6,26.7,26.7,24.6,22.4,22.9,23.7,24.1,24.5,24.4,25.2,24.1,23.5,,
Zambia,ZMB,"Suicide mortality rate (per 100,000 population)",SH.STA.SUIC.P5,,,,,,,,,,,,,,,,,,,,,,,,,,,,,,,,,,,,,,,,,13.3,12.4,12.1,11.6,12.2,11.9,11.7,10.3,9.7,9.8,10.1,10.3,9.4,9.1,9,8.7,8.5,8.5,8.1,7.3,,
Zimbabwe,ZWE,"Suicide mortality rate (per 100,000 population)",SH.STA.SUIC.P5,,,,,,,,,,,,,,,,,,,,,,,,,,,,,,,,,,,,,,,,,13.3,12.8,13.4,13.2,14.2,14,14.4,17.2,20.1,22.2,21.5,20.7,19.7,18.6,18.2,18,16.8,15,14,14.1,,
